Type,Name,Request Count,Failure Count,Median Response Time,Average Response Time,Min Response Time,Max Response Time,Average Content Size,Requests/s,Failures/s,50%,66%,75%,80%,90%,95%,98%,99%,99.9%,99.99%,100%
GET,/,1427,0,140,170.45339873861246,69,10324,10374.920812894183,1.2671429025791863,0.0,140,160,190,200,280,330,430,550,800,10000,10000
POST,/,212,0,350,456.5377358490566,156,7761,10422.254716981131,0.1882510829339786,0.0,350,430,500,520,630,870,1100,2400,7800,7800,7800
GET,/auth/find-friends/,2052,0,68,104.13255360623782,34,4687,1974.0,1.822128406511906,0.0,68,94,110,130,200,260,360,470,2900,4700,4700
GET,/auth/login/,1,0,60,60.0,60,60,2961.0,0.0008879768062923519,0.0,60,60,60,60,60,60,60,60,60,60,60
POST,/auth/login/,193,0,210,257.1554404145078,103,1001,10331.580310880829,0.1713795236144239,0.0,210,270,310,360,460,600,700,960,1000,1000,1000
GET,/auth/logout/,193,0,14,49.523316062176164,8,436,1712.0,0.1713795236144239,0.0,14,37,61,86,150,180,240,380,440,440,440
POST,/auth/modify-friend/,1026,0,91,114.12670565302145,44,553,1713.0,0.911064203255953,0.0,91,120,140,150,220,250,350,430,500,550,550
GET,/public/,1026,0,140,176.56140350877192,74,7421,10201.786549707602,0.911064203255953,0.0,140,160,190,210,280,330,460,580,4800,7400,7400
,Aggregated,6130,0,110,148.64567699836869,8,10324,5810.297063621533,5.443297822572117,0.0,110,140,170,200,270,360,500,600,3500,10000,10000
