Type,Name,Request Count,Failure Count,Median Response Time,Average Response Time,Min Response Time,Max Response Time,Average Content Size,Requests/s,Failures/s,50%,66%,75%,80%,90%,95%,98%,99%,99.9%,99.99%,100%
GET,/,495,0,360,593.5131313131313,75,10662,10176.773737373738,0.4379901950519682,0.0,360,460,520,570,730,1200,5400,6500,11000,11000,11000
POST,/,63,0,720,1133.095238095238,210,6540,10026.730158730159,0.055744206642977766,0.0,720,870,980,1100,1600,4800,6000,6500,6500,6500,6500
GET,/auth/find-friends/,602,0,300,411.92524916943523,48,5573,1974.0,0.532666863477343,0.0,300,390,450,500,620,780,1200,3700,5600,5600,5600
GET,/auth/login/,1,0,82,82.0,82,82,2961.0,0.000884828676872663,0.0,82,82,82,82,82,82,82,82,82,82,82
POST,/auth/login/,71,0,1200,1842.8591549295775,174,8217,10065.647887323943,0.06282283605795907,0.0,1200,1600,1800,2100,4600,6700,7300,8200,8200,8200,8200
GET,/auth/logout/,70,0,280,369.84285714285716,26,3589,1712.0,0.06193800738108641,0.0,280,350,400,440,670,970,1300,3600,3600,3600,3600
POST,/auth/modify-friend/,300,0,290,425.1766666666667,42,7667,1713.0,0.2654486030617989,0.0,290,390,440,490,630,750,3300,5800,7700,7700,7700
GET,/public/,301,0,360,516.7541528239203,86,7258,10200.31561461794,0.2663334317386715,0.0,360,450,510,550,720,930,3500,4200,7300,7300,7300
,Aggregated,1903,0,340,553.3699421965318,26,10662,5927.058328954283,1.6838289720886777,0.0,340,450,520,580,800,1300,4200,5700,8200,11000,11000
