Type,Name,Request Count,Failure Count,Median Response Time,Average Response Time,Min Response Time,Max Response Time,Average Content Size,Requests/s,Failures/s,50%,66%,75%,80%,90%,95%,98%,99%,99.9%,99.99%,100%
GET,/,472,0,300,483.135593220339,48,9084,10172.125,0.41854503829060963,0.0,300,410,480,550,710,940,3800,4800,9100,9100,9100
POST,/,73,0,640,724.9041095890411,175,2072,10327.917808219177,0.06473260126104768,0.0,640,860,1000,1000,1200,1600,1900,2100,2100,2100,2100
GET,/auth/find-friends/,748,0,240,399.47192513368987,23,8039,1974.0,0.6632874759351187,0.0,240,340,410,450,610,820,3100,5700,8000,8000,8000
GET,/auth/login/,1,0,207,207.0,207,207,2961.0,0.0008867479624801052,0.0,210,210,210,210,210,210,210,210,210,210,210
POST,/auth/login/,79,0,860,1266.2025316455697,60,7578,10006.924050632912,0.07005308903592831,0.0,860,1300,1500,1700,3600,4000,6100,7600,7600,7600,7600
GET,/auth/logout/,78,0,200,349.85897435897436,10,5352,1712.0,0.0691663410734482,0.0,210,290,330,400,660,1100,2000,5400,5400,5400,5400
POST,/auth/modify-friend/,373,0,250,394.10455764075067,42,7518,1713.0,0.33075699000507924,0.0,250,330,420,450,630,820,3000,4100,7500,7500,7500
GET,/public/,374,0,300,496.49732620320856,66,7416,10198.069518716578,0.33164373796755936,0.0,300,410,490,540,690,990,3900,5200,7400,7400,7400
,Aggregated,2198,0,280,473.1483166515014,10,9084,5646.862602365787,1.9490720215312711,0.0,280,390,470,530,750,1100,3700,5100,7600,9100,9100
