Type,Name,Request Count,Failure Count,Median Response Time,Average Response Time,Min Response Time,Max Response Time,Average Content Size,Requests/s,Failures/s,50%,66%,75%,80%,90%,95%,98%,99%,99.9%,99.99%,100%
GET,/,939,0,160,254.1139510117146,51,2488,10361.710330138445,0.8311416537656283,0.0,160,270,340,410,570,710,870,1000,2500,2500,2500
POST,/,131,0,340,528.9694656488549,128,2207,10364.236641221374,0.11595266948167977,0.0,340,540,730,870,1200,1500,1600,1800,2200,2200,2200
GET,/auth/find-friends/,1306,0,120,199.03598774885145,24,1223,1974.0,1.1559861552906396,0.0,120,220,290,340,500,610,740,830,1100,1200,1200
GET,/auth/login/,1,0,190,190.0,190,190,2961.0,0.0008851348815395402,0.0,190,190,190,190,190,190,190,190,190,190,190
POST,/auth/login/,140,0,390,580.4714285714285,68,2142,10282.564285714287,0.12391888341553563,0.0,410,750,950,1100,1400,1800,2000,2000,2100,2100,2100
GET,/auth/logout/,139,0,85,157.68345323741008,8,960,1712.0,0.1230337485339961,0.0,85,160,230,300,420,520,650,810,960,960,960
POST,/auth/modify-friend/,653,0,130,207.6676875957121,28,3717,1713.0,0.5779930776453198,0.0,130,240,300,350,470,570,730,820,3700,3700,3700
GET,/public/,653,0,170,259.1730474732006,50,1653,10198.203675344563,0.5779930776453198,0.0,170,280,340,420,600,710,870,950,1700,1700,1700
,Aggregated,3962,0,160,246.35790005047954,8,3717,5836.423271075215,3.5069044006596584,0.0,160,260,330,400,560,730,990,1200,2100,3700,3700
