Type,Name,Request Count,Failure Count,Median Response Time,Average Response Time,Min Response Time,Max Response Time,Average Content Size,Requests/s,Failures/s,50%,66%,75%,80%,90%,95%,98%,99%,99.9%,99.99%,100%
GET,/,1514,0,130,157.5429326287979,41,4266,10335.417437252312,1.343038235281683,0.0,130,160,190,200,260,300,380,470,2500,4300,4300
POST,/,213,0,300,356.78403755868544,93,1497,10232.150234741785,0.18894791553170306,0.0,300,380,470,510,600,650,870,890,1500,1500,1500
GET,/auth/find-friends/,2232,0,64,94.94175627240143,32,4848,1974.0,1.9799612557124942,0.0,64,95,120,130,180,210,280,320,2600,4800,4800
GET,/auth/login/,1,0,38,38.0,38,38,2961.0,0.0008870794156417985,0.0,38,38,38,38,38,38,38,38,38,38,38
POST,/auth/login/,210,0,170,258.3857142857143,89,5925,10376.328571428572,0.18628667728477769,0.0,170,240,300,330,420,510,600,820,5900,5900,5900
GET,/auth/logout/,209,0,15,42.73684210526316,8,264,1712.0,0.18539959786913587,0.0,15,46,63,76,120,130,200,210,260,260,260
POST,/auth/modify-friend/,1116,0,82,111.18010752688173,42,5318,1713.0,0.9899806278562471,0.0,82,110,140,150,210,250,310,370,1800,5300,5300
GET,/public/,1116,0,120,157.8736559139785,68,3348,10200.271505376344,0.9899806278562471,0.0,120,160,180,200,260,310,370,440,3100,3300,3300
,Aggregated,6611,0,100,134.61201028588715,8,5925,5758.319013764937,5.86448201680793,0.0,100,140,160,190,250,310,420,560,3100,5900,5900
