Type,Name,Request Count,Failure Count,Median Response Time,Average Response Time,Min Response Time,Max Response Time,Average Content Size,Requests/s,Failures/s,50%,66%,75%,80%,90%,95%,98%,99%,99.9%,99.99%,100%
GET,/,583,0,360,420.9777015437393,88,7222,10225.277873070327,0.5162919731200833,0.0,360,430,510,560,700,830,1100,1400,7200,7200,7200
POST,/,86,0,690,753.953488372093,254,1987,10116.627906976744,0.07615970787020097,0.0,710,850,930,1000,1200,1300,1400,2000,2000,2000,2000
GET,/auth/find-friends/,817,0,310,361.71481028151777,30,2635,1974.0,0.7235172247669093,0.0,310,390,450,500,640,760,950,1300,2600,2600,2600
GET,/auth/login/,1,0,210,210.0,210,210,2961.0,0.0008855779984907091,0.0,210,210,210,210,210,210,210,210,210,210,210
POST,/auth/login/,74,0,1100,1185.4054054054054,256,3498,9914.108108108108,0.06553277188831247,0.0,1100,1300,1500,1600,2000,2400,2800,3500,3500,3500,3500
GET,/auth/logout/,73,0,260,329.958904109589,63,938,1712.0,0.06464719388982176,0.0,260,360,440,470,590,780,880,940,940,940,940
POST,/auth/modify-friend/,408,0,320,360.421568627451,43,2322,1713.0,0.3613158233842093,0.0,320,380,420,460,580,740,990,1200,2300,2300,2300
GET,/public/,409,0,360,441.35207823960883,95,3257,10214.56479217604,0.3622014013827,0.0,360,440,540,580,770,940,1200,1500,3300,3300,3300
,Aggregated,2451,0,350,426.50877192982455,30,7222,5786.359445124439,2.170551674300728,0.0,350,430,510,570,760,980,1300,1700,3300,7200,7200
