Type,Name,Request Count,Failure Count,Median Response Time,Average Response Time,Min Response Time,Max Response Time,Average Content Size,Requests/s,Failures/s,50%,66%,75%,80%,90%,95%,98%,99%,99.9%,99.99%,100%
GET,/,507,0,300,437.85798816568047,64,10635,10160.702169625247,0.44973372779835574,0.0,300,400,470,510,650,920,2000,4000,11000,11000,11000
POST,/,61,0,620,891.7704918032787,138,8018,10285.065573770491,0.05410997513944714,0.0,620,770,850,960,1100,1500,7900,8000,8000,8000,8000
GET,/auth/find-friends/,714,0,260,485.2282913165266,23,10006,1974.0,0.6333528237633649,0.0,260,360,420,460,620,990,4700,5800,10000,10000,10000
GET,/auth/login/,1,0,177,177.0,177,177,2961.0,0.000887048772777822,0.0,180,180,180,180,180,180,180,180,180,180,180
POST,/auth/login/,67,0,1000,1571.7164179104477,98,7624,10135.23880597015,0.05943226777611407,0.0,1000,1600,1900,2000,3800,5900,7100,7600,7600,7600,7600
GET,/auth/logout/,66,0,300,374.74242424242425,10,4428,1712.0,0.05854521900333625,0.0,320,390,420,480,630,800,1000,4400,4400,4400,4400
POST,/auth/modify-friend/,357,0,270,358.5266106442577,28,7071,1713.0,0.31667641188168244,0.0,270,350,400,440,550,650,1100,3700,7100,7100,7100
GET,/public/,357,0,320,481.66946778711485,67,7046,10192.689075630253,0.31667641188168244,0.0,320,410,500,550,680,1000,3600,4600,7000,7000,7000
,Aggregated,2130,0,300,494.37089201877933,10,10635,5743.495774647888,1.8894138860167609,0.0,300,400,470,530,720,1200,4000,5600,8000,11000,11000
