Type,Name,Request Count,Failure Count,Median Response Time,Average Response Time,Min Response Time,Max Response Time,Average Content Size,Requests/s,Failures/s,50%,66%,75%,80%,90%,95%,98%,99%,99.9%,99.99%,100%
GET,/,621,0,230,384.23027375201286,32,10445,10025.821256038647,0.5492806949697089,0.0,230,340,390,440,610,890,1900,4600,10000,10000,10000
POST,/,78,0,470,705.1153846153846,124,6473,9897.166666666666,0.06899177811213736,0.0,490,620,780,870,1400,1800,4800,6500,6500,6500,6500
GET,/auth/find-friends/,894,0,170,300.20022371364655,21,10658,1974.0,0.7907519183621896,0.0,170,270,340,380,520,740,1500,3600,11000,11000,11000
GET,/auth/login/,1,0,54,54.0,54,54,2961.0,0.0008845099757966327,0.0,54,54,54,54,54,54,54,54,54,54,54
POST,/auth/login/,103,0,580,1039.2621359223301,64,7450,10164.660194174758,0.09110452750705317,0.0,580,1000,1200,1300,2100,3900,5400,6700,7400,7400,7400
GET,/auth/logout/,102,0,130,291.29411764705884,9,4782,1712.0,0.09022001753125654,0.0,130,220,330,350,470,680,1700,4500,4800,4800,4800
POST,/auth/modify-friend/,447,0,180,265.87919463087246,26,4394,1713.0,0.3953759591810948,0.0,180,270,340,380,500,630,970,2500,4400,4400,4400
GET,/public/,449,0,230,443.2227171492205,33,11246,10089.204899777284,0.3971449791326881,0.0,230,350,420,470,620,870,4500,5200,11000,11000,11000
,Aggregated,2695,0,210,377.2356215213358,9,11246,5670.901298701298,2.383754384771925,0.0,210,320,390,440,620,970,2500,4600,10000,11000,11000
