Type,Name,Request Count,Failure Count,Median Response Time,Average Response Time,Min Response Time,Max Response Time,Average Content Size,Requests/s,Failures/s,50%,66%,75%,80%,90%,95%,98%,99%,99.9%,99.99%,100%
GET,/,2145,0,93,101.49324009324009,45,458,10401.827505827507,1.9030474849448176,0.0,93,98,100,110,130,160,230,270,450,460,460
POST,/,323,0,230,275.7987616099071,99,6001,10392.770897832817,0.28656612477257626,0.0,230,250,260,270,330,380,460,520,6000,6000,6000
GET,/auth/find-friends/,2964,0,45,50.483805668016196,35,303,1974.0,2.6296656155601115,0.0,45,48,50,51,62,81,120,170,260,300,300
GET,/auth/login/,1,0,211,211.0,211,211,2961.0,0.0008872016246828986,0.0,210,210,210,210,210,210,210,210,210,210,210
POST,/auth/login/,338,0,120,152.74852071005918,91,3289,10383.76923076923,0.29987414914281973,0.0,120,130,140,150,200,260,320,390,3300,3300,3300
GET,/auth/logout/,337,0,10,11.516320474777448,8,110,1712.0,0.2989869475181368,0.0,10,11,11,12,13,16,43,70,110,110,110
POST,/auth/modify-friend/,1482,0,58,63.51889338731444,46,450,1713.0,1.3148328077800557,0.0,58,63,65,67,75,110,120,160,330,450,450
GET,/public/,1482,0,91,101.69905533063428,73,1986,10204.701079622133,1.3148328077800557,0.0,91,97,100,100,130,160,230,270,510,2000,2000
,Aggregated,9072,0,75,83.4429012345679,8,6001,5872.064925044092,8.048693139123255,0.0,75,88,96,100,130,200,250,280,500,6000,6000
