Type,Name,Request Count,Failure Count,Median Response Time,Average Response Time,Min Response Time,Max Response Time,Average Content Size,Requests/s,Failures/s,50%,66%,75%,80%,90%,95%,98%,99%,99.9%,99.99%,100%
GET,/,577,0,350,414.5320623916811,73,2445,10313.790294627383,0.5128016110717257,0.0,350,440,500,560,730,1000,1300,1700,2400,2400,2400
POST,/,75,0,690,767.9866666666667,177,2515,10401.76,0.06665532206304926,0.0,690,870,970,1000,1300,1600,2400,2500,2500,2500,2500
GET,/auth/find-friends/,848,0,290,341.3372641509434,24,5106,1974.0,0.7536495081262105,0.0,290,370,430,480,640,860,1100,1200,5100,5100,5100
GET,/auth/login/,1,0,298,298.0,298,298,2961.0,0.0008887376275073236,0.0,300,300,300,300,300,300,300,300,300,300,300
POST,/auth/login/,74,0,1100,1191.7027027027027,105,4962,10134.243243243243,0.06576658443554194,0.0,1100,1300,1400,1500,2200,2500,3400,5000,5000,5000,5000
GET,/auth/logout/,73,0,300,341.09589041095893,9,1172,1712.0,0.06487784680803463,0.0,300,390,470,510,600,680,1200,1200,1200,1200,1200
POST,/auth/modify-friend/,424,0,280,370.6910377358491,38,5417,1713.0,0.3768247540631052,0.0,290,380,440,480,640,860,1200,1600,5400,5400,5400
GET,/public/,424,0,340,437.0377358490566,73,4054,10209.05424528302,0.3768247540631052,0.0,340,440,540,580,770,960,1700,2400,4100,4100,4100
,Aggregated,2496,0,320,417.5076121794872,9,5417,5744.376201923077,2.2182891182582796,0.0,320,420,490,560,810,1100,1500,2100,5000,5400,5400
