Type,Name,Request Count,Failure Count,Median Response Time,Average Response Time,Min Response Time,Max Response Time,Average Content Size,Requests/s,Failures/s,50%,66%,75%,80%,90%,95%,98%,99%,99.9%,99.99%,100%
GET,/,615,0,260,360.44065040650406,142,1971,10360.679674796747,0.5690768228287979,0.0,260,370,460,500,680,890,1100,1400,2000,2000,2000
POST,/,103,0,820,849.1067961165048,146,2498,10364.708737864077,0.09530880122173364,0.0,820,960,1100,1100,1300,1500,2000,2000,2500,2500,2500
GET,/auth/find-friends/,1026,0,160,260.27485380116957,71,2027,1974.0,0.9493866995485313,0.0,160,280,350,370,580,810,1000,1200,1500,2000,2000
GET,/auth/login/,1,0,609,609.0,609,609,2961.0,0.0009253281672012975,0.0,610,610,610,610,610,610,610,610,610,610,610
POST,/auth/login/,89,0,370,558.4494382022472,183,2965,10238.247191011236,0.08235420688091548,0.0,370,540,660,790,1300,1500,2300,3000,3000,3000,3000
GET,/auth/logout/,88,0,17,141.26136363636363,8,864,1712.0,0.08142887871371418,0.0,17,180,230,250,420,560,810,860,860,860,860
POST,/auth/modify-friend/,512,0,220,300.771484375,98,2147,1713.0,0.4737680216070643,0.0,220,300,410,430,570,740,1000,1200,2100,2100,2100
GET,/public/,513,0,310,367.8362573099415,142,1877,10212.093567251462,0.47469334977426564,0.0,310,380,450,500,660,870,1100,1400,1900,1900,1900
,Aggregated,2947,0,250,333.0872073294876,8,2965,5648.248388191381,2.726942108742224,0.0,250,360,420,490,690,910,1200,1400,2300,3000,3000
