Type,Name,Request Count,Failure Count,Median Response Time,Average Response Time,Min Response Time,Max Response Time,Average Content Size,Requests/s,Failures/s,50%,66%,75%,80%,90%,95%,98%,99%,99.9%,99.99%,100%
GET,/,807,0,220,306.3878562577447,82,1373,10354.840148698884,0.7141695706956356,0.0,220,320,380,410,620,790,980,1100,1400,1400,1400
POST,/,116,0,670,772.1465517241379,219,2154,10270.801724137931,0.1026563447344408,0.0,690,800,900,1000,1600,1900,2100,2200,2200,2200,2200
GET,/auth/find-friends/,1150,0,160,225.0904347826087,41,1138,1974.0,1.017713762453508,0.0,160,230,280,320,500,680,860,980,1100,1100,1100
GET,/auth/login/,1,0,393,393.0,393,393,2961.0,0.000884968489090007,0.0,390,390,390,390,390,390,390,390,390,390,390
POST,/auth/login/,112,0,330,568.6339285714286,108,2249,10339.42857142857,0.09911647077808078,0.0,340,550,930,1000,1300,1600,1700,1800,2200,2200,2200
GET,/auth/logout/,111,0,82,146.13513513513513,8,872,1712.0,0.09823150228899077,0.0,82,140,200,230,390,600,640,720,870,870,870
POST,/auth/modify-friend/,574,0,190,250.31358885017423,53,1245,1713.0,0.507971912737664,0.0,190,270,320,340,530,660,880,930,1200,1200,1200
GET,/public/,575,0,270,324.12,82,1468,10202.987826086957,0.508856881226754,0.0,270,360,400,450,610,750,980,1200,1500,1500,1500
,Aggregated,3446,0,210,291.9408009286129,8,2249,5809.302959953569,3.049601413404164,0.0,210,300,360,410,620,810,1000,1300,2100,2200,2200
