Type,Name,Request Count,Failure Count,Median Response Time,Average Response Time,Min Response Time,Max Response Time,Average Content Size,Requests/s,Failures/s,50%,66%,75%,80%,90%,95%,98%,99%,99.9%,99.99%,100%
GET,/,525,0,280,427.1257142857143,51,7058,10133.217142857144,0.4636883017200931,0.0,280,380,450,510,660,860,3000,4300,7100,7100,7100
POST,/,90,0,630,1304.6777777777777,118,12534,10228.777777777777,0.07948942315201596,0.0,660,820,960,1200,3800,6100,10000,13000,13000,13000,13000
GET,/auth/find-friends/,745,0,240,355.9489932885906,22,7285,1974.0,0.6579957805361322,0.0,240,330,390,440,550,690,1500,4500,7300,7300,7300
GET,/auth/login/,1,0,80,80.0,80,80,2961.0,0.0008832158128001774,0.0,80,80,80,80,80,80,80,80,80,80,80
POST,/auth/login/,72,0,890,1285.888888888889,70,11342,10081.555555555555,0.06359153852161277,0.0,890,1100,1300,1300,1800,6100,6400,11000,11000,11000,11000
GET,/auth/logout/,71,0,240,428.80281690140845,10,9546,1712.0,0.06270832270881259,0.0,240,280,330,420,580,770,3300,9500,9500,9500,9500
POST,/auth/modify-friend/,372,0,260,376.0456989247312,26,9319,1713.0,0.328556282361666,0.0,260,340,390,420,530,740,2200,5800,9300,9300,9300
GET,/public/,373,0,300,489.83914209115284,53,8047,10161.042895442359,0.32943949817446616,0.0,300,390,460,500,630,980,4400,6100,8000,8000,8000
,Aggregated,2249,0,280,468.00889284126276,10,12534,5775.388617163184,1.986352362987599,0.0,280,380,450,500,690,1100,3900,5800,10000,13000,13000
