Type,Name,Request Count,Failure Count,Median Response Time,Average Response Time,Min Response Time,Max Response Time,Average Content Size,Requests/s,Failures/s,50%,66%,75%,80%,90%,95%,98%,99%,99.9%,99.99%,100%
GET,/,773,0,230,332.8990944372574,36,8855,10234.292367399741,0.6825175125436844,0.0,230,300,360,420,550,740,1200,2700,8900,8900,8900
POST,/,112,0,480,604.6785714285714,102,4343,10259.223214285714,0.09888998888084431,0.0,510,660,800,880,1100,1300,1300,2100,4300,4300,4300
GET,/auth/find-friends/,1066,0,160,258.89305816135084,21,10735,1974.0,0.9412207870266075,0.0,160,230,280,320,440,530,840,3400,5100,11000,11000
GET,/auth/login/,1,0,46,46.0,46,46,2961.0,0.0008829463292932528,0.0,46,46,46,46,46,46,46,46,46,46,46
POST,/auth/login/,117,0,470,791.4358974358975,71,7437,10086.196581196582,0.10330472052731059,0.0,470,660,830,910,1300,3500,5800,6000,7400,7400,7400
GET,/auth/logout/,116,0,130,151.56896551724137,8,567,1712.0,0.10242177419801733,0.0,130,180,220,240,310,350,490,500,570,570,570
POST,/auth/modify-friend/,533,0,180,226.90056285178235,25,7423,1713.0,0.47061039351330375,0.0,180,230,290,320,400,510,600,720,7400,7400,7400
GET,/public/,534,0,220,321.91198501872657,48,6169,10182.2734082397,0.471493339842597,0.0,220,280,340,390,490,640,1200,3500,6200,6200,6200
,Aggregated,3252,0,200,308.7638376383764,8,10735,5810.709102091021,2.871341462861658,0.0,200,270,330,380,520,720,1200,3300,7400,11000,11000
