Type,Name,Request Count,Failure Count,Median Response Time,Average Response Time,Min Response Time,Max Response Time,Average Content Size,Requests/s,Failures/s,50%,66%,75%,80%,90%,95%,98%,99%,99.9%,99.99%,100%
GET,/,1424,0,140,163.26755617977528,49,1543,10349.733848314607,1.259932987974611,0.0,140,170,200,220,270,310,380,460,970,1500,1500
POST,/,198,0,350,389.42424242424244,95,999,10430.671717171717,0.17518731153017764,0.0,350,400,500,540,620,730,890,980,1000,1000,1000
GET,/auth/find-friends/,2096,0,77,100.12881679389314,22,554,1974.0,1.854508105895214,0.0,77,110,120,140,190,220,280,310,490,550,550
GET,/auth/login/,1,0,860,860.0,860,860,2961.0,0.0008847844016675639,0.0,860,860,860,860,860,860,860,860,860,860,860
POST,/auth/login/,223,0,210,243.7578475336323,68,930,10337.726457399103,0.19730692157186674,0.0,210,260,300,320,430,540,650,650,930,930,930
GET,/auth/logout/,223,0,35,56.865470852017935,8,482,1712.0,0.19730692157186674,0.0,35,64,80,91,130,150,300,360,480,480,480
POST,/auth/modify-friend/,1048,0,95,119.16221374045801,28,501,1713.0,0.927254052947607,0.0,96,130,150,160,220,240,320,350,490,500,500
GET,/public/,1048,0,140,163.72232824427482,47,606,10211.028625954199,0.927254052947607,0.0,140,180,200,220,270,310,390,430,520,610,610
,Aggregated,6261,0,120,141.1645104615876,8,1543,5770.201245807379,5.539635138840618,0.0,120,150,180,200,260,320,430,530,890,1500,1500
