Type,Name,Request Count,Failure Count,Median Response Time,Average Response Time,Min Response Time,Max Response Time,Average Content Size,Requests/s,Failures/s,50%,66%,75%,80%,90%,95%,98%,99%,99.9%,99.99%,100%
GET,/,741,0,270,333.05263157894734,68,3910,10274.646423751687,0.6867570424429277,0.0,270,370,440,510,610,730,1100,1300,3900,3900,3900
POST,/,100,0,560,648.77,156,2021,10404.07,0.09267976281281076,0.0,580,780,960,1000,1200,1400,1800,2000,2000,2000,2000
GET,/auth/find-friends/,976,0,210,285.07581967213116,25,4854,1974.0,0.9045544850530329,0.0,210,330,390,440,570,720,1000,1900,4900,4900,4900
GET,/auth/login/,1,0,904,904.0,904,904,2961.0,0.0009267976281281075,0.0,900,900,900,900,900,900,900,900,900,900,900
POST,/auth/login/,76,0,730,1040.5394736842106,102,4768,10363.473684210527,0.07043661973773617,0.0,800,1200,1400,1600,1900,3700,4600,4800,4800,4800,4800
GET,/auth/logout/,75,0,180,231.66666666666666,9,684,1712.0,0.06950982210960807,0.0,180,330,400,420,470,630,680,680,680,680,680
POST,/auth/modify-friend/,488,0,210,270.5204918032787,28,2304,1713.0,0.45227724252651647,0.0,210,330,390,430,540,640,780,1300,2300,2300,2300
GET,/public/,488,0,280,355.8524590163934,67,7647,10210.530737704918,0.45227724252651647,0.0,280,400,480,530,670,800,1200,1700,7600,7600,7600
,Aggregated,2945,0,250,337.15891341256366,9,7647,5880.547368421053,2.729419014837277,0.0,250,370,440,500,640,840,1300,1900,4800,7600,7600
