Type,Name,Request Count,Failure Count,Median Response Time,Average Response Time,Min Response Time,Max Response Time,Average Content Size,Requests/s,Failures/s,50%,66%,75%,80%,90%,95%,98%,99%,99.9%,99.99%,100%
GET,/,1132,0,180,224.9310954063604,80,1636,10332.345406360424,1.0045742299448044,0.0,180,230,260,280,350,440,620,700,1000,1600,1600
POST,/,190,0,490,556.8315789473684,220,1859,10295.847368421053,0.1686122824112304,0.0,490,580,630,680,790,910,1400,1600,1900,1900,1900
GET,/auth/find-friends/,1581,0,89,137.00759013282732,53,1073,1974.0,1.4030316762745014,0.0,89,140,170,190,250,320,500,620,980,1100,1100
GET,/auth/login/,1,0,176,176.0,176,176,2961.0,0.0008874330653222654,0.0,180,180,180,180,180,180,180,180,180,180,180
POST,/auth/login/,154,0,230,337.47402597402595,125,1682,10182.811688311689,0.13666469205962886,0.0,240,310,360,420,680,820,1300,1600,1700,1700,1700
GET,/auth/logout/,153,0,12,74.18954248366013,8,1099,1712.0,0.1357772589943066,0.0,12,39,91,130,200,350,450,850,1100,1100,1100
POST,/auth/modify-friend/,790,0,120,170.85569620253165,73,954,1713.0,0.7010721216045896,0.0,120,170,200,230,300,380,550,730,950,950,950
GET,/public/,791,0,180,224.6675094816688,106,1316,10208.508217446271,0.7019595546699119,0.0,180,240,260,280,350,430,610,770,1300,1300,1300
,Aggregated,4792,0,160,198.91798831385643,8,1859,5850.285893155259,4.252579249024295,0.0,160,200,240,270,370,500,690,790,1600,1900,1900
