Type,Name,Request Count,Failure Count,Median Response Time,Average Response Time,Min Response Time,Max Response Time,Average Content Size,Requests/s,Failures/s,50%,66%,75%,80%,90%,95%,98%,99%,99.9%,99.99%,100%
GET,/,667,0,380,407.82608695652175,145,1360,10435.730134932533,0.5929664480415417,0.0,380,460,520,540,700,870,990,1000,1400,1400,1400
POST,/,90,0,880,961.6555555555556,152,2984,10479.18888888889,0.08001046525298164,0.0,880,1100,1200,1200,1700,1800,2400,3000,3000,3000,3000
GET,/auth/find-friends/,896,0,250,297.31026785714283,72,2313,1974.0,0.7965486318519062,0.0,250,340,380,420,600,740,920,1000,2300,2300,2300
GET,/auth/login/,1,0,231,231.0,231,231,2961.0,0.0008890051694775738,0.0,230,230,230,230,230,230,230,230,230,230,230
POST,/auth/login/,78,0,410,638.1410256410256,186,2439,10237.21794871795,0.06934240321925075,0.0,450,660,910,1100,1400,1900,2300,2400,2400,2400,2400
GET,/auth/logout/,77,0,120,173.58441558441558,9,1302,1712.0,0.06845339804977318,0.0,120,220,230,260,410,740,830,1300,1300,1300,1300
POST,/auth/modify-friend/,448,0,320,350.77901785714283,101,1363,1713.0,0.3982743159259531,0.0,320,400,430,470,660,780,980,1000,1400,1400,1400
GET,/public/,448,0,390,428.30357142857144,144,2141,10205.345982142857,0.3982743159259531,0.0,390,490,530,590,740,890,1000,1000,2100,2100,2100
,Aggregated,2705,0,330,383.49722735674675,9,2984,5894.702402957486,2.404758983436837,0.0,330,420,490,540,730,920,1100,1300,2400,3000,3000
