Type,Name,Request Count,Failure Count,Median Response Time,Average Response Time,Min Response Time,Max Response Time,Average Content Size,Requests/s,Failures/s,50%,66%,75%,80%,90%,95%,98%,99%,99.9%,99.99%,100%
GET,/,1342,0,170,198.478390461997,50,3796,10352.918777943369,1.1859693971961602,0.0,170,200,220,240,310,400,510,580,3700,3800,3800
POST,/,170,0,400,428.34705882352944,134,1206,10270.329411764706,0.1502345734153109,0.0,400,490,530,560,690,760,900,930,1200,1200,1200
GET,/auth/find-friends/,1884,0,88,114.9400212314225,38,872,1974.0,1.6649525665555633,0.0,88,110,130,160,210,290,380,450,700,870,870
GET,/auth/login/,1,0,81,81.0,81,81,2961.0,0.0008837327847959466,0.0,81,81,81,81,81,81,81,81,81,81,81
POST,/auth/login/,180,0,240,292.1277777777778,103,988,10319.238888888889,0.1590719012632704,0.0,240,280,340,380,540,790,910,980,990,990,990
GET,/auth/logout/,180,0,20,69.93888888888888,8,504,1712.0,0.1590719012632704,0.0,20,74,100,130,170,260,350,470,500,500,500
POST,/auth/modify-friend/,942,0,120,137.4171974522293,51,653,1713.0,0.8324762832777817,0.0,120,140,160,190,240,290,420,460,650,650,650
GET,/public/,942,0,170,189.48407643312103,78,839,10208.880042462844,0.8324762832777817,0.0,170,200,220,240,300,350,490,570,840,840,840
,Aggregated,5641,0,130,164.6725757844354,8,3796,5807.0526502393195,4.985136639033935,0.0,130,170,200,220,300,400,530,620,990,3800,3800
