Type,Name,Request Count,Failure Count,Median Response Time,Average Response Time,Min Response Time,Max Response Time,Average Content Size,Requests/s,Failures/s,50%,66%,75%,80%,90%,95%,98%,99%,99.9%,99.99%,100%
GET,/,601,0,240,373.0748752079867,48,7014,10302.093178036606,0.5372491178723486,0.0,240,310,380,430,600,810,1900,4100,7000,7000,7000
POST,/,91,0,480,776.054945054945,108,5634,10227.57142857143,0.08134720420363349,0.0,480,620,760,860,1400,2700,4900,5600,5600,5600,5600
GET,/auth/find-friends/,906,0,190,310.887417218543,22,8047,1974.0,0.8098963407526587,0.0,190,260,310,360,520,690,1500,4600,8000,8000,8000
GET,/auth/login/,1,0,201,201.0,201,201,2961.0,0.0008939253209190493,0.0,200,200,200,200,200,200,200,200,200,200,200
POST,/auth/login/,94,0,570,846.9574468085107,82,7704,10136.904255319148,0.08402898016639064,0.0,580,840,1000,1300,1700,2100,4400,7700,7700,7700,7700
GET,/auth/logout/,93,0,160,333.21505376344084,8,6597,1712.0,0.08313505484547158,0.0,160,270,330,380,440,620,4600,6600,6600,6600,6600
POST,/auth/modify-friend/,453,0,190,297.6578366445916,27,6710,1713.0,0.40494817037632935,0.0,190,260,300,340,470,630,1300,3700,6700,6700,6700
GET,/public/,453,0,260,422.1081677704194,66,7666,10204.075055187637,0.40494817037632935,0.0,260,310,370,420,590,950,3800,5600,7700,7700,7700
,Aggregated,2692,0,220,376.43424962852896,8,8047,5729.640416047549,2.406446963914081,0.0,220,300,360,420,600,950,2800,4600,7700,8000,8000
