Type,Name,Request Count,Failure Count,Median Response Time,Average Response Time,Min Response Time,Max Response Time,Average Content Size,Requests/s,Failures/s,50%,66%,75%,80%,90%,95%,98%,99%,99.9%,99.99%,100%
GET,/,1613,0,120,149.8660880347179,35,6489,10356.454432734035,1.4319857080221874,0.0,120,140,160,180,240,310,400,480,4300,6500,6500
POST,/,222,0,280,311.57207207207205,80,1059,10341.963963963964,0.19708668765091483,0.0,280,330,360,380,530,600,700,1000,1100,1100,1100
GET,/auth/find-friends/,2269,0,63,88.16923754958131,21,4796,1974.0,2.014367992251918,0.0,63,81,100,110,170,210,300,380,3600,4800,4800
GET,/auth/login/,1,0,22,22.0,22,22,2961.0,0.0008877778723014181,0.0,22,22,22,22,22,22,22,22,22,22,22
POST,/auth/login/,240,0,170,273.01666666666665,66,7540,10380.783333333333,0.21306668935234035,0.0,170,210,240,290,370,460,1600,3500,7500,7500,7500
GET,/auth/logout/,239,0,26,41.56485355648535,8,182,1712.0,0.21217891148003895,0.0,26,47,72,79,95,120,140,140,180,180,180
POST,/auth/modify-friend/,1134,0,76,101.4047619047619,25,5062,1713.0,1.006740107189808,0.0,76,97,120,140,180,230,330,370,2600,5100,5100
GET,/public/,1135,0,110,141.3374449339207,45,2985,10206.850220264318,1.0076278850621097,0.0,110,140,160,180,250,300,380,480,2500,3000,3000
,Aggregated,6853,0,91,125.76243980738363,8,7540,5823.831460674157,6.083941758881618,0.0,91,120,140,160,230,300,400,530,3600,7500,7500
