Type,Name,Request Count,Failure Count,Median Response Time,Average Response Time,Min Response Time,Max Response Time,Average Content Size,Requests/s,Failures/s,50%,66%,75%,80%,90%,95%,98%,99%,99.9%,99.99%,100%
GET,/,1750,0,94,129.39142857142858,34,4908,10368.083428571428,1.5543190588182407,0.0,94,110,130,140,180,250,320,410,4300,4900,4900
POST,/,248,0,220,336.91129032258067,82,6620,10439.677419354839,0.22026921519252782,0.0,230,270,320,340,460,630,1700,2600,6600,6600,6600
GET,/auth/find-friends/,2428,0,44,77.29654036243822,32,4071,1974.0,2.1565066713203933,0.0,44,63,87,98,120,180,240,330,3600,4100,4100
GET,/auth/login/,1,0,17,17.0,17,17,2961.0,0.000888182319324709,0.0,17,17,17,17,17,17,17,17,17,17,17
POST,/auth/login/,259,0,140,251.8069498069498,73,6517,10329.166023166023,0.23003922070509963,0.0,140,200,230,250,360,450,640,2800,6500,6500,6500
GET,/auth/logout/,258,0,14,42.33720930232558,8,477,1712.0,0.2291510383857749,0.0,15,37,53,69,100,160,210,280,480,480,480
POST,/auth/modify-friend/,1214,0,51,83.65238879736408,42,5146,1713.0,1.0782533356601967,0.0,51,72,96,110,130,190,260,300,2500,5100,5100
GET,/public/,1214,0,94,136.45304777594728,65,4959,10215.658154859968,1.0782533356601967,0.0,94,110,130,150,190,260,340,520,4800,5000,5000
,Aggregated,7372,0,80,114.08450895279435,8,6620,5850.157352143245,6.547680058061754,0.0,80,100,120,130,190,250,340,460,4300,6600,6600
