Type,Name,Request Count,Failure Count,Median Response Time,Average Response Time,Min Response Time,Max Response Time,Average Content Size,Requests/s,Failures/s,50%,66%,75%,80%,90%,95%,98%,99%,99.9%,99.99%,100%
GET,/,1524,0,97,166.63188976377953,25,7024,10378.345800524934,1.348239435287864,0.0,97,120,140,160,200,260,420,2300,6800,7000,7000
POST,/,207,0,240,290.02415458937196,96,1818,10401.468599033817,0.18312700991114686,0.0,240,300,330,360,420,610,780,1100,1800,1800,1800
GET,/auth/find-friends/,2214,0,42,87.9959349593496,23,8842,1974.0,1.9586628016583534,0.0,42,66,87,98,120,180,260,360,6500,8800,8800
GET,/auth/login/,1,0,247,247.0,247,247,2961.0,0.0008846715454644776,0.0,250,250,250,250,250,250,250,250,250,250,250
POST,/auth/login/,241,0,140,376.61410788381744,52,9033,10341.896265560166,0.2132058424569391,0.0,140,180,240,260,400,1900,3300,5100,9000,9000,9000
GET,/auth/logout/,240,0,19,39.145833333333336,8,274,1712.0,0.21232117091147462,0.0,19,35,53,63,90,140,180,240,270,270,270
POST,/auth/modify-friend/,1107,0,50,87.53116531165311,28,4783,1713.0,0.9793314008291767,0.0,50,76,92,110,140,180,310,420,3200,4800,4800
GET,/public/,1108,0,95,144.014440433213,50,8893,10197.548736462093,0.9802160723746411,0.0,95,120,140,150,190,260,380,780,4100,8900,8900
,Aggregated,6642,0,77,130.33363444745558,8,9033,5787.64709424872,5.87598840497506,0.0,77,100,120,140,190,260,410,850,6800,9000,9000
