Type,Name,Request Count,Failure Count,Median Response Time,Average Response Time,Min Response Time,Max Response Time,Average Content Size,Requests/s,Failures/s,50%,66%,75%,80%,90%,95%,98%,99%,99.9%,99.99%,100%
GET,/,537,0,310,462.4171322160149,64,8148,10179.214152700186,0.4768606093093571,0.0,310,390,440,490,630,900,2600,4800,8100,8100,8100
POST,/,69,0,630,802.0144927536232,193,5457,10178.985507246376,0.06127259225762689,0.0,630,810,930,1000,1300,1400,3900,5500,5500,5500,5500
GET,/auth/find-friends/,790,0,250,403.9088607594937,25,7925,1974.0,0.7015267809206557,0.0,250,320,380,410,530,750,3400,4700,7900,7900,7900
GET,/auth/login/,1,0,209,209.0,209,209,2961.0,0.000888008583443868,0.0,210,210,210,210,210,210,210,210,210,210,210
POST,/auth/login/,65,0,810,1366.676923076923,221,10852,9925.584615384616,0.05772055792385142,0.0,810,1100,1200,1300,3400,4000,8100,11000,11000,11000,11000
GET,/auth/logout/,64,0,240,260.6875,43,708,1712.0,0.05683254934040755,0.0,240,290,320,350,400,600,620,710,710,710,710
POST,/auth/modify-friend/,394,0,250,376.6522842639594,40,7484,1713.0,0.349875381876884,0.0,250,310,380,410,520,650,2700,4800,7500,7500,7500
GET,/public/,395,0,320,446.1291139240506,82,6822,10197.513924050632,0.35076339046032784,0.0,320,390,450,500,630,860,3200,4700,6800,6800,6800
,Aggregated,2315,0,290,454.90021598272136,25,10852,5697.053995680346,2.0557398706725545,0.0,290,370,430,480,660,1000,3400,4800,8100,11000,11000
