Type,Name,Request Count,Failure Count,Median Response Time,Average Response Time,Min Response Time,Max Response Time,Average Content Size,Requests/s,Failures/s,50%,66%,75%,80%,90%,95%,98%,99%,99.9%,99.99%,100%
GET,/,793,0,270,349.02143757881464,111,1677,10310.147540983606,0.7040991551291916,0.0,270,370,440,500,670,790,990,1100,1700,1700,1700
POST,/,114,0,700,808.1666666666666,285,2456,10229.763157894737,0.1012198028811196,0.0,720,910,990,1100,1400,1800,2100,2200,2500,2500,2500
GET,/auth/find-friends/,1020,0,170,235.37254901960785,54,1382,1974.0,0.9056508678837017,0.0,170,240,300,350,500,650,800,940,1100,1400,1400
GET,/auth/login/,1,0,597,597.0,597,597,2961.0,0.0008878930077291194,0.0,600,600,600,600,600,600,600,600,600,600,600
POST,/auth/login/,121,0,300,509.0165289256198,143,2104,10418.247933884297,0.10743505393522344,0.0,300,510,690,810,1100,1400,1800,1900,2100,2100,2100
GET,/auth/logout/,120,0,98,137.15,8,914,1712.0,0.10654716092749432,0.0,100,140,200,240,350,450,510,530,910,910,910
POST,/auth/modify-friend/,510,0,210,266.81176470588235,73,1132,1713.0,0.4528254339418509,0.0,210,300,350,400,540,660,760,830,1100,1100,1100
GET,/public/,511,0,250,333.8767123287671,108,1483,10201.264187866927,0.45371332694958,0.0,250,360,420,470,620,760,950,1100,1500,1500,1500
,Aggregated,3190,0,230,311.6978056426332,8,2456,5928.2460815047025,2.832378694655891,0.0,230,320,400,460,640,790,1000,1200,2100,2500,2500
