Type,Name,Request Count,Failure Count,Median Response Time,Average Response Time,Min Response Time,Max Response Time,Average Content Size,Requests/s,Failures/s,50%,66%,75%,80%,90%,95%,98%,99%,99.9%,99.99%,100%
GET,/,807,0,220,289.47831474597274,27,5714,10249.41140024783,0.712724688421732,0.0,220,280,330,370,480,640,860,1100,5700,5700,5700
POST,/,102,0,460,715.2745098039215,125,7925,10179.196078431372,0.0900841613618546,0.0,460,580,660,720,940,1500,4600,5400,7900,7900,7900
GET,/auth/find-friends/,1098,0,160,239.38433515482697,22,5182,1974.0,0.9697295017187878,0.0,160,220,270,310,420,580,900,2300,4500,5200,5200
GET,/auth/login/,1,0,32,32.0,32,32,2961.0,0.000883178052567202,0.0,32,32,32,32,32,32,32,32,32,32,32
POST,/auth/login/,120,0,580,868.8916666666667,84,7828,10202.425,0.10598136630806423,0.0,590,830,1000,1200,1500,3500,4200,4200,7800,7800,7800
GET,/auth/logout/,119,0,180,231.58823529411765,8,5564,1712.0,0.10509818825549704,0.0,180,230,270,300,420,540,750,950,5600,5600,5600
POST,/auth/modify-friend/,549,0,180,230.49544626593806,26,5224,1713.0,0.4848647508593939,0.0,180,240,290,330,450,610,840,1000,5200,5200,5200
GET,/public/,549,0,220,314.9890710382514,72,5639,10137.25136612022,0.4848647508593939,0.0,220,290,360,400,550,730,1000,2600,5600,5600,5600
,Aggregated,3345,0,190,299.17488789237666,8,7925,5803.818535127055,2.9542305858372906,0.0,190,270,330,380,540,740,1200,2600,5600,7900,7900
