Type,Name,Request Count,Failure Count,Median Response Time,Average Response Time,Min Response Time,Max Response Time,Average Content Size,Requests/s,Failures/s,50%,66%,75%,80%,90%,95%,98%,99%,99.9%,99.99%,100%
GET,/,358,0,440,645.2653631284916,100,8996,10094.877094972067,0.29127947889839123,0.0,440,540,650,720,890,1200,4100,5800,9000,9000,9000
POST,/,58,0,860,1213.344827586207,306,8412,10167.5,0.04719053010085668,0.0,900,1000,1300,1500,1700,3800,5600,8400,8400,8400,8400
GET,/auth/find-friends/,576,0,400,616.1753472222222,42,11615,1974.0,0.46865078169126634,0.0,400,520,600,650,940,1200,4300,6000,12000,12000,12000
GET,/auth/login/,1,0,767,767.0,767,767,2961.0,0.0008136298293251152,0.0,770,770,770,770,770,770,770,770,770,770,770
POST,/auth/login/,62,0,900,1710.5806451612902,412,7721,10143.145161290322,0.05044504941815714,0.0,930,1200,1500,2100,4000,6700,7600,7700,7700,7700,7700
GET,/auth/logout/,61,0,340,499.88524590163934,107,4700,1712.0,0.04963141958883202,0.0,340,420,470,530,710,1000,3000,4700,4700,4700,4700
POST,/auth/modify-friend/,288,0,370,607.75,76,8333,1713.0,0.23432539084563317,0.0,370,500,580,670,880,1200,4800,6000,8300,8300,8300
GET,/public/,288,0,430,673.4965277777778,98,8295,10212.888888888889,0.23432539084563317,0.0,430,570,640,720,990,1700,4600,5600,8300,8300,8300
,Aggregated,1692,0,430,687.1223404255319,42,11615,5621.530141843971,1.3766616712180948,0.0,430,560,660,730,1000,1700,4800,6000,9000,12000,12000
