Type,Name,Request Count,Failure Count,Median Response Time,Average Response Time,Min Response Time,Max Response Time,Average Content Size,Requests/s,Failures/s,50%,66%,75%,80%,90%,95%,98%,99%,99.9%,99.99%,100%
GET,/,481,0,320,520.1060291060292,46,13195,10144.648648648648,0.3995459299818981,0.0,320,390,470,520,680,940,2500,8300,13000,13000,13000
POST,/,67,0,740,1235.3432835820895,208,12359,9944.731343283582,0.05565400687897541,0.0,740,930,980,1100,1800,3700,9300,12000,12000,12000,12000
GET,/auth/find-friends/,642,0,250,479.18068535825546,28,17954,1974.0,0.5332816778552569,0.0,250,330,400,450,620,1000,3700,6700,18000,18000,18000
GET,/auth/login/,1,0,193,193.0,193,193,2961.0,0.0008306568190891852,0.0,190,190,190,190,190,190,190,190,190,190,190
POST,/auth/login/,68,0,660,2046.264705882353,104,20483,10125.941176470587,0.0564846636980646,0.0,660,880,1100,1400,5400,12000,17000,20000,20000,20000,20000
GET,/auth/logout/,67,0,240,382.1194029850746,53,3012,1712.0,0.05565400687897541,0.0,240,330,430,500,830,960,2000,3000,3000,3000,3000
POST,/auth/modify-friend/,321,0,250,511.3457943925234,26,20944,1713.0,0.26664083892762847,0.0,250,320,380,430,660,920,3300,6100,21000,21000,21000
GET,/public/,321,0,300,500.0623052959502,54,10998,10196.866043613707,0.26664083892762847,0.0,300,380,440,500,690,950,3200,7200,11000,11000,11000
,Aggregated,1968,0,290,574.2764227642276,26,20944,5814.266768292683,1.6347326199675165,0.0,290,380,460,520,790,1200,4200,8400,20000,21000,21000
