Type,Name,Request Count,Failure Count,Median Response Time,Average Response Time,Min Response Time,Max Response Time,Average Content Size,Requests/s,Failures/s,50%,66%,75%,80%,90%,95%,98%,99%,99.9%,99.99%,100%
GET,/,343,0,440,779.7492711370262,140,9952,10242.530612244898,0.279111364949294,0.0,440,530,650,710,1000,3400,6300,6500,10000,10000,10000
POST,/,47,0,790,967.8085106382979,463,3196,10417.446808510638,0.038245580619874105,0.0,790,920,1200,1400,1700,1800,3200,3200,3200,3200,3200
GET,/auth/find-friends/,526,0,400,603.4296577946768,102,9413,1974.0,0.42802500863944215,0.0,400,500,590,640,830,1100,4600,5600,9400,9400,9400
GET,/auth/login/,1,0,1540,1540.0,1540,1540,2961.0,0.0008137357578696619,0.0,1500,1500,1500,1500,1500,1500,1500,1500,1500,1500,1500
POST,/auth/login/,59,0,1300,2168.576271186441,641,7280,10173.864406779661,0.048010409714310046,0.0,1300,1700,2500,3600,5400,7000,7000,7300,7300,7300,7300
GET,/auth/logout/,58,0,440,856.948275862069,93,8159,1712.0,0.04719667395644039,0.0,460,600,680,880,1500,3800,4300,8200,8200,8200,8200
POST,/auth/modify-friend/,262,0,410,622.1793893129772,127,7779,1713.0,0.2131987685618514,0.0,410,520,620,660,870,1300,3400,7000,7800,7800,7800
GET,/public/,263,0,470,734.0912547528517,140,8715,10204.011406844107,0.21401250431972108,0.0,470,570,660,750,1100,1400,5000,6700,8700,8700,8700
,Aggregated,1559,0,450,747.6658114175754,93,9952,5693.462475946119,1.2686140465188027,0.0,450,570,670,760,1100,2300,5400,6700,9400,10000,10000
