Type,Name,Request Count,Failure Count,Median Response Time,Average Response Time,Min Response Time,Max Response Time,Average Content Size,Requests/s,Failures/s,50%,66%,75%,80%,90%,95%,98%,99%,99.9%,99.99%,100%
GET,/,543,0,220,467.10681399631676,45,20850,10094.556169429097,0.45440463837256884,0.0,220,260,320,400,590,850,3800,8100,21000,21000,21000
POST,/,86,0,440,750.2325581395348,157,5702,10132.813953488372,0.07196832209952288,0.0,450,540,790,900,1600,2400,3900,5700,5700,5700,5700
GET,/auth/find-friends/,750,0,200,418.5106666666667,23,20576,1974.0,0.6276307159842112,0.0,200,270,350,400,560,790,2500,7300,21000,21000,21000
GET,/auth/login/,1,0,89,89.0,89,89,2961.0,0.0008368409546456149,0.0,89,89,89,89,89,89,89,89,89,89,89
POST,/auth/login/,82,0,690,1488.9756097560976,112,16956,9999.768292682927,0.06862095828094042,0.0,710,950,1100,1200,2600,5600,15000,17000,17000,17000,17000
GET,/auth/logout/,81,0,160,532.4814814814815,15,12755,1712.0,0.0677841173262948,0.0,160,260,320,370,620,1200,7300,13000,13000,13000,13000
POST,/auth/modify-friend/,374,0,200,352.37433155080214,17,8029,1713.0,0.31297851703745994,0.0,200,280,330,380,530,680,2300,5200,8000,8000,8000
GET,/public/,375,0,270,453.136,54,17719,10203.48,0.3138153579921056,0.0,270,350,400,450,580,720,1900,7900,18000,18000,18000
,Aggregated,2292,0,230,479.52530541012214,15,20850,5786.1461605584645,1.9180394680477493,0.0,230,310,380,440,650,970,3500,7600,18000,21000,21000
