Type,Name,Request Count,Failure Count,Median Response Time,Average Response Time,Min Response Time,Max Response Time,Average Content Size,Requests/s,Failures/s,50%,66%,75%,80%,90%,95%,98%,99%,99.9%,99.99%,100%
GET,/,492,0,340,579.9573170731708,76,8169,10048.05894308943,0.40022048916698183,0.0,350,420,500,540,720,1200,5400,5800,8200,8200,8200
POST,/,72,0,700,1103.5277777777778,165,9299,10124.361111111111,0.05856885207321685,0.0,720,950,1000,1100,1300,4200,7000,9300,9300,9300,9300
GET,/auth/find-friends/,679,0,300,493.08247422680415,32,14287,1974.0,0.5523368133015867,0.0,300,390,460,520,660,920,3700,5600,14000,14000,14000
GET,/auth/login/,1,0,353,353.0,353,353,2961.0,0.0008134562787946785,0.0,350,350,350,350,350,350,350,350,350,350,350
POST,/auth/login/,73,0,960,1899.3424657534247,296,10686,10035.684931506848,0.059382308352011526,0.0,960,1100,1400,3600,5900,6700,9500,11000,11000,11000,11000
GET,/auth/logout/,72,0,240,275.6111111111111,61,746,1712.0,0.05856885207321685,0.0,240,310,350,380,460,640,730,750,750,750,750
POST,/auth/modify-friend/,339,0,260,345.6106194690266,43,4899,1713.0,0.275761678511396,0.0,260,350,430,450,560,670,940,1600,4900,4900,4900
GET,/public/,340,0,360,514.1088235294118,97,8428,10198.776470588235,0.2765751347901907,0.0,360,440,540,590,740,900,1800,4900,8400,8400,8400
,Aggregated,2068,0,330,556.2882011605416,32,14287,5764.055125725338,1.682227584547395,0.0,330,420,510,570,760,1200,4900,5900,9500,14000,14000
