Type,Name,Request Count,Failure Count,Median Response Time,Average Response Time,Min Response Time,Max Response Time,Average Content Size,Requests/s,Failures/s,50%,66%,75%,80%,90%,95%,98%,99%,99.9%,99.99%,100%
GET,/,595,0,300,470.1109243697479,57,8753,10188.778151260503,0.4843691938022051,0.0,300,370,440,470,610,790,3900,5600,8800,8800,8800
POST,/,97,0,570,944.4639175257732,106,6565,10280.525773195875,0.07896438957783848,0.0,570,740,1000,1100,1300,4000,6400,6600,6600,6600,6600
GET,/auth/find-friends/,762,0,250,406.742782152231,27,14926,1974.0,0.6203181944155971,0.0,250,310,360,410,530,710,2800,5400,15000,15000,15000
GET,/auth/login/,1,0,1203,1203.0,1203,1203,2961.0,0.0008140658719364792,0.0,1200,1200,1200,1200,1200,1200,1200,1200,1200,1200,1200
POST,/auth/login/,77,0,830,1378.1168831168832,176,7809,10076.766233766233,0.0626830721391089,0.0,830,940,1000,1400,3500,5800,7300,7800,7800,7800,7800
GET,/auth/logout/,76,0,260,492.9078947368421,32,5830,1712.0,0.06186900626717242,0.0,270,360,400,450,660,3000,4600,5800,5800,5800,5800
POST,/auth/modify-friend/,380,0,240,356.0394736842105,45,7550,1713.0,0.3093450313358621,0.0,240,300,340,390,520,640,960,4900,7600,7600,7600
GET,/public/,381,0,300,480.7165354330709,86,9238,10212.72440944882,0.31015909720779855,0.0,300,360,420,480,630,920,4000,5600,9200,9200,9200
,Aggregated,2369,0,290,483.11270578303083,27,14926,5915.869143098354,1.9285220506175191,0.0,290,360,430,480,660,1000,4000,5700,8800,15000,15000
