Type,Name,Request Count,Failure Count,Median Response Time,Average Response Time,Min Response Time,Max Response Time,Average Content Size,Requests/s,Failures/s,50%,66%,75%,80%,90%,95%,98%,99%,99.9%,99.99%,100%
GET,/,566,0,290,462.6148409893993,52,7683,10203.969964664311,0.4591216225264748,0.0,290,340,400,440,570,890,3900,5700,7700,7700,7700
POST,/,73,0,560,782.8356164383562,191,15421,10229.123287671233,0.05921533294069375,0.0,560,640,700,740,830,1100,1700,15000,15000,15000,15000
GET,/auth/find-friends/,844,0,250,425.68838862559244,34,9206,1974.0,0.6846265890677469,0.0,250,310,370,410,520,740,4000,5900,9200,9200,9200
GET,/auth/login/,1,0,235,235.0,235,235,2961.0,0.000811168944393065,0.0,240,240,240,240,240,240,240,240,240,240,240
POST,/auth/login/,69,0,760,1529.3623188405797,242,9054,10103.202898550724,0.05597065716312149,0.0,760,1100,1300,2400,4300,5300,5500,9100,9100,9100,9100
GET,/auth/logout/,69,0,220,317.6521739130435,78,2701,1712.0,0.05597065716312149,0.0,220,280,360,390,590,660,1200,2700,2700,2700,2700
POST,/auth/modify-friend/,422,0,250,359.22748815165875,25,6909,1713.0,0.34231329453387344,0.0,250,300,350,380,530,660,1200,3500,6900,6900,6900
GET,/public/,422,0,320,456.8388625592417,74,7223,10201.836492890996,0.34231329453387344,0.0,320,400,450,500,610,720,2500,4700,7200,7200,7200
,Aggregated,2466,0,280,466.47485806974856,25,15421,5691.200324412003,2.0003426168732985,0.0,280,350,420,470,620,900,3900,5700,9100,15000,15000
