Type,Name,Request Count,Failure Count,Median Response Time,Average Response Time,Min Response Time,Max Response Time,Average Content Size,Requests/s,Failures/s,50%,66%,75%,80%,90%,95%,98%,99%,99.9%,99.99%,100%
GET,/,341,0,440,743.7712609970674,110,13586,9932.029325513196,0.28387515706893013,0.0,440,570,660,720,940,1500,5400,8100,14000,14000,14000
POST,/,54,0,810,1062.6666666666667,377,5654,10191.5,0.044953837189801255,0.0,810,1100,1200,1200,1900,2400,3200,5700,5700,5700,5700
GET,/auth/find-friends/,423,0,390,681.5153664302601,53,15924,1974.0,0.3521383913201098,0.0,390,530,610,700,950,1600,5200,6900,16000,16000,16000
GET,/auth/login/,1,0,2735,2735.0,2735,2735,2961.0,0.0008324784664778009,0.0,2700,2700,2700,2700,2700,2700,2700,2700,2700,2700,2700
POST,/auth/login/,53,0,1600,2445.396226415094,322,17281,9886.811320754718,0.04412135872332345,0.0,1600,2200,2400,2800,5000,11000,11000,17000,17000,17000,17000
GET,/auth/logout/,52,0,390,492.84615384615387,140,1590,1712.0,0.04328888025684565,0.0,400,480,680,710,880,1100,1100,1600,1600,1600,1600
POST,/auth/modify-friend/,211,0,390,826.4644549763033,69,16102,1713.0,0.175652956426816,0.0,390,470,550,620,830,1700,7600,15000,16000,16000,16000
GET,/public/,212,0,480,1005.7688679245283,140,16943,10226.099056603774,0.1764854348932938,0.0,480,580,670,740,1100,5700,8700,11000,17000,17000,17000
,Aggregated,1347,0,440,849.9383815887156,53,17281,5877.896807720861,1.1213484943455978,0.0,440,580,700,790,1200,2600,7500,11000,17000,17000,17000
