Type,Name,Request Count,Failure Count,Median Response Time,Average Response Time,Min Response Time,Max Response Time,Average Content Size,Requests/s,Failures/s,50%,66%,75%,80%,90%,95%,98%,99%,99.9%,99.99%,100%
GET,/,517,0,260,531.3442940038685,45,17100,10224.299806576402,0.43259413588293827,0.0,260,340,390,450,620,900,3600,7300,17000,17000,17000
POST,/,65,0,470,703.6615384615385,100,10038,10320.676923076922,0.054388044163232084,0.0,470,610,720,790,1000,1200,1700,10000,10000,10000,10000
GET,/auth/find-friends/,764,0,200,343.77748691099475,25,16318,1974.0,0.6392687037032202,0.0,200,260,310,340,450,580,1200,4300,16000,16000,16000
GET,/auth/login/,1,0,318,318.0,318,318,2961.0,0.0008367391409728012,0.0,320,320,320,320,320,320,320,320,320,320,320
POST,/auth/login/,78,0,790,1945.0641025641025,180,19273,10156.78205128205,0.0652656529958785,0.0,820,1200,1400,2100,4800,8800,12000,19000,19000,19000,19000
GET,/auth/logout/,77,0,150,359.75324675324674,35,7726,1712.0,0.06442891385490569,0.0,150,230,290,370,600,940,2800,7700,7700,7700,7700
POST,/auth/modify-friend/,381,0,190,397.251968503937,28,13525,1713.0,0.3187976127106373,0.0,190,260,310,340,440,660,3000,6300,14000,14000,14000
GET,/public/,382,0,260,513.3429319371728,48,16556,10179.078534031414,0.3196343518516101,0.0,260,340,400,450,610,790,4300,11000,17000,17000,17000
,Aggregated,2265,0,240,490.1867549668874,25,19273,5709.941721854305,1.895214154303395,0.0,240,320,370,420,610,980,3700,7700,17000,19000,19000
