Type,Name,Request Count,Failure Count,Median Response Time,Average Response Time,Min Response Time,Max Response Time,Average Content Size,Requests/s,Failures/s,50%,66%,75%,80%,90%,95%,98%,99%,99.9%,99.99%,100%
GET,/,419,0,450,657.1742243436754,30,7219,10175.914081145585,0.33981979300945026,0.0,450,600,720,830,1100,1800,3400,4500,7200,7200,7200
POST,/,62,0,700,1245.0645161290322,223,5430,10058.870967741936,0.050283597056290964,0.0,710,1100,1600,1800,3200,3900,4300,5400,5400,5400,5400
GET,/auth/find-friends/,588,0,380,560.0238095238095,30,7290,1974.0,0.47688314627579176,0.0,380,510,610,680,1000,1500,3200,4200,7300,7300,7300
GET,/auth/login/,1,0,35,35.0,35,35,2961.0,0.000811025758972435,0.0,35,35,35,35,35,35,35,35,35,35,35
POST,/auth/login/,65,0,1000,1499.3076923076924,61,7108,10040.16923076923,0.05271667433320827,0.0,1000,1300,1400,1900,3300,5000,6100,7100,7100,7100,7100
GET,/auth/logout/,64,0,290,468.046875,45,5155,1712.0,0.05190564857423584,0.0,290,420,440,510,700,960,3500,5200,5200,5200,5200
POST,/auth/modify-friend/,294,0,380,530.5068027210884,45,6326,1713.0,0.23844157313789588,0.0,380,490,580,620,930,1400,2900,3700,6300,6300,6300
GET,/public/,297,0,460,652.4579124579125,34,5719,10066.171717171717,0.24087465041481318,0.0,460,590,690,790,1200,1800,3700,5000,5700,5700,5700
,Aggregated,1790,0,430,647.5072625698324,30,7290,5757.812849162011,1.4517361085606586,0.0,430,570,680,790,1200,1800,3700,4600,7200,7300,7300
