Type,Name,Request Count,Failure Count,Median Response Time,Average Response Time,Min Response Time,Max Response Time,Average Content Size,Requests/s,Failures/s,50%,66%,75%,80%,90%,95%,98%,99%,99.9%,99.99%,100%
GET,/,552,0,340,514.1648550724638,51,8287,10171.340579710144,0.45162315999525626,0.0,340,420,490,530,710,1100,3200,5700,8300,8300,8300
POST,/,81,0,700,899.9012345679013,288,5539,10220.0,0.0662707897819126,0.0,700,830,950,1100,1300,1400,5500,5500,5500,5500,5500
GET,/auth/find-friends/,690,0,280,424.0608695652174,30,7506,1974.0,0.5645289499940703,0.0,280,360,420,470,610,790,3200,5500,7500,7500,7500
GET,/auth/login/,1,0,321,321.0,321,321,2961.0,0.0008181578985421309,0.0,320,320,320,320,320,320,320,320,320,320,320
POST,/auth/login/,68,0,840,1617.3235294117646,206,16707,10105.0,0.0556347371008649,0.0,850,1000,1300,1400,4200,6000,8000,17000,17000,17000,17000
GET,/auth/logout/,68,0,230,343.54411764705884,36,4443,1712.0,0.0556347371008649,0.0,240,310,390,420,560,650,720,4400,4400,4400,4400
POST,/auth/modify-friend/,345,0,260,468.18840579710144,40,9637,1713.0,0.28226447499703516,0.0,260,340,400,430,630,900,4000,6300,9600,9600,9600
GET,/public/,345,0,330,577.0318840579711,80,7887,10206.03768115942,0.28226447499703516,0.0,330,410,490,550,770,1200,5700,6300,7900,7900,7900
,Aggregated,2150,0,320,531.8948837209302,30,16707,5917.695348837209,1.7590394818655815,0.0,320,410,490,550,760,1200,4300,6000,9400,17000,17000
