Type,Name,Request Count,Failure Count,Median Response Time,Average Response Time,Min Response Time,Max Response Time,Average Content Size,Requests/s,Failures/s,50%,66%,75%,80%,90%,95%,98%,99%,99.9%,99.99%,100%
GET,/,462,0,360,614.7142857142857,72,14343,10173.707792207791,0.3759030532886282,0.0,360,460,530,580,800,1300,5200,6400,14000,14000,14000
POST,/,62,0,740,942.1935483870968,166,5541,9962.854838709678,0.05044586429414492,0.0,760,880,940,1100,1500,1700,4800,5500,5500,5500,5500
GET,/auth/find-friends/,638,0,320,522.3699059561128,46,7069,1974.0,0.5191042164462009,0.0,320,410,490,530,720,1000,4500,6200,7100,7100,7100
GET,/auth/login/,1,0,415,415.0,415,415,2961.0,0.0008136429724862084,0.0,420,420,420,420,420,420,420,420,420,420,420
POST,/auth/login/,57,0,1100,1641.0526315789473,276,9678,10176.701754385966,0.04637764943171387,0.0,1100,1200,1500,1700,4600,5600,7400,9700,9700,9700,9700
GET,/auth/logout/,56,0,320,639.0714285714286,77,8998,1712.0,0.04556400645922767,0.0,320,420,580,660,830,3100,3200,9000,9000,9000,9000
POST,/auth/modify-friend/,319,0,340,504.858934169279,45,8050,1713.0,0.25955210822310043,0.0,340,410,460,510,710,870,3200,6100,8000,8000,8000
GET,/public/,320,0,370,625.153125,107,10503,10203.671875,0.26036575119558664,0.0,380,450,510,570,770,920,6000,7000,11000,11000,11000
,Aggregated,1915,0,360,609.153002610966,45,14343,5779.576501305483,1.558126292311089,0.0,360,460,540,610,850,1500,5100,6400,11000,14000,14000
