Type,Name,Request Count,Failure Count,Median Response Time,Average Response Time,Min Response Time,Max Response Time,Average Content Size,Requests/s,Failures/s,50%,66%,75%,80%,90%,95%,98%,99%,99.9%,99.99%,100%
GET,/,713,0,230,340.4053295932679,44,8221,10178.687237026648,0.5794318167441121,0.0,230,300,330,380,510,630,1200,4400,8200,8200,8200
POST,/,105,0,500,679.8857142857142,194,5994,10094.44761904762,0.08533007118952562,0.0,500,600,650,760,1000,1600,3300,3700,6000,6000,6000
GET,/auth/find-friends/,912,0,190,328.1611842105263,18,7057,1974.0,0.7411526183318797,0.0,190,240,290,310,440,640,2800,5000,7100,7100,7100
GET,/auth/login/,1,0,281,281.0,281,281,2961.0,0.0008126673446621487,0.0,280,280,280,280,280,280,280,280,280,280,280
POST,/auth/login/,110,0,550,1440.2363636363636,154,11600,10213.254545454545,0.08939340791283637,0.0,560,770,1000,1400,4800,6600,7700,8500,12000,12000,12000
GET,/auth/logout/,109,0,200,392.7889908256881,24,8089,1712.0,0.08858074056817422,0.0,200,250,300,310,430,590,4600,6800,8100,8100,8100
POST,/auth/modify-friend/,456,0,170,256.8706140350877,16,7040,1713.0,0.37057630916593987,0.0,170,220,280,310,390,500,800,2300,7000,7000,7000
GET,/public/,456,0,230,381.95175438596493,58,9960,10206.77850877193,0.37057630916593987,0.0,230,290,330,370,510,630,1300,5900,10000,10000,10000
,Aggregated,2862,0,220,386.5143256464011,16,11600,5893.100978336827,2.32585394042307,0.0,220,290,340,380,530,770,3400,5400,9000,12000,12000
