Type,Name,Request Count,Failure Count,Median Response Time,Average Response Time,Min Response Time,Max Response Time,Average Content Size,Requests/s,Failures/s,50%,66%,75%,80%,90%,95%,98%,99%,99.9%,99.99%,100%
GET,/,541,0,340,498.55452865064694,43,7058,10141.580406654344,0.4377231445618497,0.0,340,420,490,530,730,890,3800,4900,7100,7100,7100
POST,/,79,0,670,860.5569620253165,230,5070,10285.556962025317,0.06391890650718322,0.0,670,840,910,970,1400,2800,3800,5100,5100,5100,5100
GET,/auth/find-friends/,673,0,280,473.52005943536403,28,11012,1974.0,0.5445243554346115,0.0,280,340,390,430,630,990,4200,5400,11000,11000,11000
GET,/auth/login/,1,0,32,32.0,32,32,2961.0,0.0008091000823694078,0.0,32,32,32,32,32,32,32,32,32,32,32
POST,/auth/login/,70,0,940,1843.642857142857,79,10915,10058.485714285714,0.056637005765858554,0.0,950,1200,1600,1900,6200,7300,9400,11000,11000,11000,11000
GET,/auth/logout/,69,0,260,296.42028985507244,16,724,1712.0,0.055827905683489144,0.0,260,310,380,430,480,620,710,720,720,720,720
POST,/auth/modify-friend/,336,0,280,413.88988095238096,22,6648,1713.0,0.27185762767612104,0.0,280,340,390,420,530,840,3100,4200,6600,6600,6600
GET,/public/,337,0,340,638.3560830860534,39,7402,10155.035608308606,0.27266672775849043,0.0,340,430,500,550,750,3000,6100,6700,7400,7400,7400
,Aggregated,2106,0,320,550.8613485280152,16,11012,5911.991452991453,1.703964773469973,0.0,320,410,480,530,770,1300,4800,6100,9400,11000,11000
