Type,Name,Request Count,Failure Count,Median Response Time,Average Response Time,Min Response Time,Max Response Time,Average Content Size,Requests/s,Failures/s,50%,66%,75%,80%,90%,95%,98%,99%,99.9%,99.99%,100%
GET,/,590,0,240,492.43220338983053,35,14096,10280.096610169492,0.4926713975853473,0.0,240,320,390,440,590,790,4300,10000,14000,14000,14000
POST,/,70,0,440,751.0142857142857,78,6973,10249.457142857143,0.05845253869656663,0.0,480,660,810,980,1200,2200,4100,7000,7000,7000,7000
GET,/auth/find-friends/,853,0,170,363.21336459554516,15,18100,1974.0,0.7122859358310191,0.0,170,230,280,320,440,640,2200,5600,18000,18000,18000
GET,/auth/login/,1,0,205,205.0,205,205,2961.0,0.000835036267093809,0.0,200,200,200,200,200,200,200,200,200,200,200
POST,/auth/login/,93,0,620,1222.8279569892472,156,18106,10158.537634408602,0.07765837283972424,0.0,620,790,910,1000,1500,2600,15000,18000,18000,18000,18000
GET,/auth/logout/,92,0,180,278.0108695652174,13,5796,1712.0,0.07682333657263042,0.0,180,250,280,300,450,630,720,5800,5800,5800,5800
POST,/auth/modify-friend/,426,0,150,252.3568075117371,16,7875,1713.0,0.35572544978196263,0.0,150,210,250,290,400,510,940,2700,7900,7900,7900
GET,/public/,427,0,240,443.62060889929745,47,13257,10195.370023419204,0.35656048604905644,0.0,240,320,380,430,560,880,3100,6500,13000,13000,13000
,Aggregated,2552,0,200,426.86598746081506,13,18106,5742.519984326019,2.1310125536234006,0.0,200,280,350,400,580,870,2800,6500,16000,18000,18000
