Type,Name,Request Count,Failure Count,Median Response Time,Average Response Time,Min Response Time,Max Response Time,Average Content Size,Requests/s,Failures/s,50%,66%,75%,80%,90%,95%,98%,99%,99.9%,99.99%,100%
GET,/,622,0,260,412.2620578778135,44,7651,10103.525723472669,0.5080823194722003,0.0,260,320,360,400,510,700,3900,5500,7700,7700,7700
POST,/,99,0,510,792.4040404040404,146,7829,10254.484848484848,0.08086840776165247,0.0,510,620,760,830,1200,2900,5800,7800,7800,7800,7800
GET,/auth/find-friends/,916,0,200,347.68231441048033,15,8316,1974.0,0.7482369849461985,0.0,200,260,310,360,490,590,2900,4900,8300,8300,8300
GET,/auth/login/,1,0,257,257.0,257,257,2961.0,0.0008168526036530551,0.0,260,260,260,260,260,260,260,260,260,260,260
POST,/auth/login/,83,0,750,1325.4698795180723,185,9133,10110.5421686747,0.06779876610320358,0.0,750,970,1200,1300,3900,5000,6300,9100,9100,9100,9100
GET,/auth/logout/,83,0,210,256.4457831325301,15,961,1712.0,0.06779876610320358,0.0,210,270,350,400,500,590,660,960,960,960,960
POST,/auth/modify-friend/,458,0,210,265.9235807860262,16,6030,1713.0,0.37411849247309925,0.0,210,260,290,320,400,520,740,1200,6000,6000,6000
GET,/public/,458,0,260,482.1659388646288,71,14036,10201.286026200873,0.37411849247309925,0.0,260,320,380,420,570,890,5000,6500,14000,14000,14000
,Aggregated,2720,0,240,414.5341911764706,15,14036,5716.450735294117,2.22183908193631,0.0,240,310,370,410,560,830,3800,5300,8600,14000,14000