Type,Name,Request Count,Failure Count,Median Response Time,Average Response Time,Min Response Time,Max Response Time,Average Content Size,Requests/s,Failures/s,50%,66%,75%,80%,90%,95%,98%,99%,99.9%,99.99%,100%
GET,/,494,0,310,520.9554655870445,71,14656,10216.823886639677,0.4015612362380105,0.0,310,390,430,500,710,900,4200,5600,15000,15000,15000
POST,/,72,0,580,739.8333333333334,192,5163,9950.125,0.05852714374319181,0.0,610,670,760,790,1000,1600,4500,5200,5200,5200,5200
GET,/auth/find-friends/,738,0,290,466.72222222222223,26,8733,1974.0,0.5999032233677161,0.0,290,380,450,500,650,840,4100,5900,8700,8700,8700
GET,/auth/login/,1,0,842,842.0,842,842,2961.0,0.0008128769964332196,0.0,840,840,840,840,840,840,840,840,840,840,840
POST,/auth/login/,69,0,870,1261.5942028985507,242,8538,10005.666666666666,0.05608851275389215,0.0,870,970,1100,1200,3300,4300,6800,8500,8500,8500,8500
GET,/auth/logout/,68,0,230,489.0147058823529,51,5751,1712.0,0.05527563575745893,0.0,230,310,360,390,650,1400,5400,5800,5800,5800,5800
POST,/auth/modify-friend/,369,0,270,476.3252032520325,32,8648,1713.0,0.29995161168385803,0.0,270,330,400,460,590,760,4900,6000,8600,8600,8600
GET,/public/,369,0,340,549.2574525745257,74,7048,10228.422764227642,0.29995161168385803,0.0,340,430,510,550,770,1200,5000,5800,7000,7000,7000
,Aggregated,2180,0,310,529.654128440367,26,14656,5704.809633027523,1.7720718522244188,0.0,320,400,490,540,740,1100,4500,5900,9000,15000,15000
