Type,Name,Request Count,Failure Count,Median Response Time,Average Response Time,Min Response Time,Max Response Time,Average Content Size,Requests/s,Failures/s,50%,66%,75%,80%,90%,95%,98%,99%,99.9%,99.99%,100%
GET,/,465,0,280,610.0537634408602,49,16960,9994.679569892473,0.38552438412474155,0.0,280,360,440,480,710,920,5700,13000,17000,17000,17000
POST,/,74,0,500,727.2027027027027,97,6217,10036.216216216217,0.061352267581141665,0.0,500,620,850,880,1200,1400,3400,6200,6200,6200,6200
GET,/auth/find-friends/,656,0,240,467.9893292682927,17,16578,1974.0,0.5438795612598504,0.0,240,310,370,440,660,1100,3100,7200,17000,17000,17000
GET,/auth/login/,1,0,263,263.0,263,263,2961.0,0.0008290846970424549,0.0,260,260,260,260,260,260,260,260,260,260,260
POST,/auth/login/,76,0,800,1401.9868421052631,176,8571,9902.355263157895,0.06301043697522657,0.0,840,1100,1400,1600,3400,6600,7000,8600,8600,8600,8600
GET,/auth/logout/,76,0,220,403.6578947368421,31,7515,1712.0,0.06301043697522657,0.0,230,290,360,380,580,700,2900,7500,7500,7500,7500
POST,/auth/modify-friend/,328,0,220,329.6737804878049,19,7965,1713.0,0.2719397806299252,0.0,220,280,340,380,540,700,1400,1600,8000,8000,8000
GET,/public/,328,0,300,714.6371951219512,65,14836,10179.390243902439,0.2719397806299252,0.0,300,390,500,540,770,2800,9000,10000,15000,15000,15000
,Aggregated,2004,0,270,561.1352295409182,17,16960,5724.304391217564,1.6614857328730797,0.0,270,360,450,520,760,1200,4700,8000,15000,17000,17000
