Type,Name,Request Count,Failure Count,Median Response Time,Average Response Time,Min Response Time,Max Response Time,Average Content Size,Requests/s,Failures/s,50%,66%,75%,80%,90%,95%,98%,99%,99.9%,99.99%,100%
GET,/,582,0,290,514.0378006872852,51,8602,10040.07560137457,0.47246488308462414,0.0,290,370,410,460,620,860,5300,7600,8600,8600,8600
POST,/,83,0,620,811.855421686747,169,8890,9894.855421686747,0.06737901253612337,0.0,620,700,840,870,940,1300,5100,8900,8900,8900,8900
GET,/auth/find-friends/,782,0,230,386.10997442455243,28,13827,1974.0,0.6348239494367287,0.0,230,300,350,390,520,720,2900,5100,14000,14000,14000
GET,/auth/login/,1,0,450,450.0,450,450,2961.0,0.0008117953317605226,0.0,450,450,450,450,450,450,450,450,450,450,450
POST,/auth/login/,94,0,730,1270.468085106383,189,7090,10127.265957446809,0.07630876118548913,0.0,750,920,1000,1300,3600,5000,6900,7100,7100,7100,7100
GET,/auth/logout/,93,0,200,272.3763440860215,23,4347,1712.0,0.0754969658537286,0.0,200,250,270,310,470,550,960,4300,4300,4300,4300
POST,/auth/modify-friend/,391,0,220,382.153452685422,38,6630,1713.0,0.31741197471836435,0.0,220,310,350,380,510,630,3700,4800,6600,6600,6600
GET,/public/,391,0,300,428.69820971867006,78,6136,10208.641943734016,0.31741197471836435,0.0,300,380,430,480,620,800,3000,4500,6100,6100,6100
,Aggregated,2417,0,270,467.827885808854,23,13827,5785.588332643773,1.962109316865183,0.0,270,350,420,470,640,920,4100,5700,8600,14000,14000
