Type,Name,Request Count,Failure Count,Median Response Time,Average Response Time,Min Response Time,Max Response Time,Average Content Size,Requests/s,Failures/s,50%,66%,75%,80%,90%,95%,98%,99%,99.9%,99.99%,100%
GET,/,490,0,380,560.9285714285714,67,6835,10217.228571428572,0.3976167826876761,0.0,380,490,560,620,770,1000,3900,5100,6800,6800,6800
POST,/,79,0,700,848.506329113924,217,4669,10397.0,0.06410556292311512,0.0,700,920,990,1100,1500,1800,2300,4700,4700,4700,4700
GET,/auth/find-friends/,740,0,280,440.39864864864865,31,8007,1974.0,0.600482488140572,0.0,280,360,430,500,660,950,3100,4400,8000,8000,8000
GET,/auth/login/,1,0,3172,3172.0,3172,3172,2961.0,0.0008114628218115838,0.0,3200,3200,3200,3200,3200,3200,3200,3200,3200,3200,3200
POST,/auth/login/,77,0,1000,1552.7662337662337,296,8604,10083.636363636364,0.06248263727949196,0.0,1000,1300,1800,2500,3600,3800,5700,8600,8600,8600,8600
GET,/auth/logout/,76,0,240,294.17105263157896,86,777,1712.0,0.06167117445768037,0.0,240,300,380,390,520,670,680,780,780,780,780
POST,/auth/modify-friend/,370,0,260,341.64054054054054,39,6580,1713.0,0.300241244070286,0.0,260,330,370,420,580,740,910,1500,6600,6600,6600
GET,/public/,370,0,330,566.354054054054,77,15574,10197.535135135135,0.300241244070286,0.0,330,410,510,560,780,1100,4600,5000,16000,16000,16000
,Aggregated,2203,0,320,521.4852473899228,31,15574,5721.732183386292,1.7876525964509191,0.0,320,420,520,580,810,1200,3600,4700,8000,16000,16000
