Type,Name,Request Count,Failure Count,Median Response Time,Average Response Time,Min Response Time,Max Response Time,Average Content Size,Requests/s,Failures/s,50%,66%,75%,80%,90%,95%,98%,99%,99.9%,99.99%,100%
GET,/,757,0,200,353.7410832232497,37,17098,10161.347424042273,0.6259505661480163,0.0,200,260,310,330,460,630,1000,4700,17000,17000,17000
POST,/,114,0,410,796.0438596491229,82,10925,9877.684210526315,0.09426468235254143,0.0,410,480,560,590,840,3500,8400,9400,11000,11000,11000
GET,/auth/find-friends/,1012,0,130,296.57707509881425,16,18327,1974.0,0.8368057766734379,0.0,130,170,220,250,350,520,1000,5800,15000,18000,18000
GET,/auth/login/,1,0,29,29.0,29,29,2961.0,0.0008268831785310651,0.0,29,29,29,29,29,29,29,29,29,29,29
POST,/auth/login/,108,0,490,1193.7222222222222,59,19987,10099.277777777777,0.08930338328135504,0.0,500,680,970,1100,2500,6000,6800,9300,20000,20000,20000
GET,/auth/logout/,107,0,130,174.2336448598131,14,2833,1712.0,0.08847650010282397,0.0,130,160,180,220,290,370,690,950,2800,2800,2800
POST,/auth/modify-friend/,506,0,130,217.84387351778656,15,10258,1713.0,0.41840288833671896,0.0,130,170,200,220,310,420,900,2300,10000,10000,10000
GET,/public/,506,0,200,346.1482213438735,52,12703,10174.332015810276,0.41840288833671896,0.0,200,260,300,340,450,680,2300,3800,13000,13000,13000
,Aggregated,3111,0,170,350.89713918354227,14,19987,5820.553198328512,2.5724335684101436,0.0,170,230,280,320,460,660,2300,5800,15000,20000,20000
