Type,Name,Request Count,Failure Count,Median Response Time,Average Response Time,Min Response Time,Max Response Time,Average Content Size,Requests/s,Failures/s,50%,66%,75%,80%,90%,95%,98%,99%,99.9%,99.99%,100%
GET,/,520,0,350,555.3365384615385,33,14873,9953.909615384615,0.4207473817842878,0.0,350,440,520,590,760,1100,3800,5700,15000,15000,15000
POST,/,69,0,650,967.5942028985507,152,6672,10336.231884057972,0.055829941044453574,0.0,650,820,890,980,1400,4100,6300,6700,6700,6700,6700
GET,/auth/find-friends/,638,0,320,507.4952978056426,41,9179,1974.0,0.5162246722661069,0.0,320,400,470,520,660,1100,4300,6100,9200,9200,9200
GET,/auth/login/,1,0,43,43.0,43,43,2961.0,0.0008091295803543996,0.0,43,43,43,43,43,43,43,43,43,43,43
POST,/auth/login/,79,0,840,1800.5443037974683,66,8630,10142.594936708861,0.06392123684799757,0.0,840,1100,1200,1600,6400,7000,8200,8600,8600,8600,8600
GET,/auth/logout/,78,0,250,398.61538461538464,23,5785,1712.0,0.06311210726764317,0.0,260,380,430,510,670,760,1300,5800,5800,5800,5800
POST,/auth/modify-friend/,319,0,280,447.5360501567398,55,9412,1713.0,0.25811233613305345,0.0,280,370,440,480,650,950,3300,4300,9400,9400,9400
GET,/public/,321,0,350,485.71339563862927,55,6230,10143.906542056075,0.25973059529376225,0.0,350,440,520,580,760,930,2000,3700,6200,6200,6200
,Aggregated,2025,0,340,568.5812345679012,23,14873,5871.1348148148145,1.6384874002176593,0.0,340,440,530,610,810,1200,4700,6400,9200,15000,15000
