Type,Name,Request Count,Failure Count,Median Response Time,Average Response Time,Min Response Time,Max Response Time,Average Content Size,Requests/s,Failures/s,50%,66%,75%,80%,90%,95%,98%,99%,99.9%,99.99%,100%
GET,/,539,0,290,586.987012987013,38,21397,10170.063079777365,0.4459709561063445,0.0,290,370,420,470,620,1000,5800,9800,21000,21000,21000
POST,/,79,0,560,898.4430379746835,207,13863,10243.45569620253,0.06536494532913027,0.0,560,740,850,1000,1300,2000,4800,14000,14000,14000,14000
GET,/auth/find-friends/,696,0,240,424.20545977011494,35,13522,1974.0,0.5758734423933503,0.0,240,320,380,420,560,800,3300,5300,14000,14000,14000
GET,/auth/login/,1,0,773,773.0,773,773,2961.0,0.0008274043712548136,0.0,770,770,770,770,770,770,770,770,770,770,770
POST,/auth/login/,65,0,850,1613.7384615384615,188,13935,9990.030769230769,0.053781284131562884,0.0,850,1300,1800,1900,3300,5500,8700,14000,14000,14000,14000
GET,/auth/logout/,64,0,200,236.109375,24,880,1712.0,0.05295387976030807,0.0,200,240,290,360,420,660,850,880,880,880,880
POST,/auth/modify-friend/,347,0,230,505.1613832853026,29,10487,1713.0,0.2871093168254203,0.0,230,300,380,420,620,1100,7500,8500,10000,10000,10000
GET,/public/,348,0,290,456.2931034482759,76,9898,10157.948275862069,0.2879367211966751,0.0,290,380,440,500,690,910,1600,6600,9900,9900,9900
,Aggregated,2139,0,270,531.7755960729313,24,21397,5870.060308555399,1.7698179501140463,0.0,270,360,430,490,730,1100,4300,7800,14000,21000,21000
