Type,Name,Request Count,Failure Count,Median Response Time,Average Response Time,Min Response Time,Max Response Time,Average Content Size,Requests/s,Failures/s,50%,66%,75%,80%,90%,95%,98%,99%,99.9%,99.99%,100%
GET,/,413,0,340,640.6997578692494,24,13119,10256.941888619855,0.3415385003653966,0.0,340,430,500,580,780,1300,6700,8700,13000,13000,13000
POST,/,67,0,680,989.0597014925373,195,10281,10439.268656716418,0.0554069722142411,0.0,680,840,990,1000,1400,2300,4800,10000,10000,10000,10000
GET,/auth/find-friends/,578,0,270,522.4844290657439,27,19641,1974.0,0.4779885065646471,0.0,270,340,410,480,660,1100,3300,8600,20000,20000,20000
GET,/auth/login/,1,0,38,38.0,38,38,2961.0,0.0008269697345409119,0.0,38,38,38,38,38,38,38,38,38,38,38
POST,/auth/login/,66,0,960,1511.7727272727273,82,12730,9664.787878787878,0.054580002479700185,0.0,980,1200,1500,1700,2500,4800,9100,13000,13000,13000,13000
GET,/auth/logout/,65,0,300,732.2307692307693,18,8606,1712.0,0.053753032745159274,0.0,300,360,460,480,700,5300,8100,8600,8600,8600,8600
POST,/auth/modify-friend/,289,0,260,538.4186851211073,52,16933,1713.0,0.23899425328232354,0.0,260,370,440,500,620,950,5000,7300,17000,17000,17000
GET,/public/,291,0,350,695.6735395189004,30,14629,10143.360824742267,0.24064819275140537,0.0,350,430,500,560,800,1400,8000,12000,15000,15000,15000
,Aggregated,1770,0,320,643.1220338983051,18,19641,5805.317514124294,1.463736430137414,0.0,320,430,510,580,850,1500,5400,9000,17000,20000,20000
