Type,Name,Request Count,Failure Count,Median Response Time,Average Response Time,Min Response Time,Max Response Time,Average Content Size,Requests/s,Failures/s,50%,66%,75%,80%,90%,95%,98%,99%,99.9%,99.99%,100%
GET,/,741,0,210,356.2995951417004,23,9646,10063.365721997301,0.5995725372320174,0.0,210,280,320,350,470,630,2800,4600,9600,9600,9600
POST,/,97,0,430,728.8762886597938,84,6827,10037.319587628866,0.07848655345682279,0.0,430,520,590,650,980,3600,6700,6800,6800,6800,6800
GET,/auth/find-friends/,1094,0,170,259.4762340036563,17,7901,1974.0,0.8851988606367436,0.0,170,210,250,290,390,490,730,3500,6600,7900,7900
GET,/auth/login/,1,0,39,39.0,39,39,2961.0,0.0008091397263589979,0.0,39,39,39,39,39,39,39,39,39,39,39
POST,/auth/login/,118,0,480,852.8559322033898,54,6426,10077.203389830509,0.09547848771036174,0.0,480,600,720,780,1200,4600,5600,6200,6400,6400,6400
GET,/auth/logout/,117,0,150,268.65811965811963,17,4178,1712.0,0.09466934798400274,0.0,150,210,230,250,340,490,2600,3300,4200,4200,4200
POST,/auth/modify-friend/,547,0,160,225.3308957952468,18,6402,1713.0,0.4425994303183718,0.0,160,200,230,250,340,430,680,2300,6400,6400,6400
GET,/public/,548,0,220,427.07481751824815,49,12603,10182.921532846716,0.44340857004473083,0.0,220,270,320,360,490,650,5400,6500,13000,13000,13000
,Aggregated,3263,0,200,339.56114005516395,17,12603,5669.554704259884,2.6402229271094098,0.0,200,250,310,340,470,650,2800,4900,8000,13000,13000
