Type,Name,Request Count,Failure Count,Median Response Time,Average Response Time,Min Response Time,Max Response Time,Average Content Size,Requests/s,Failures/s,50%,66%,75%,80%,90%,95%,98%,99%,99.9%,99.99%,100%
GET,/,383,0,430,662.3733681462141,104,14864,10159.130548302872,0.3181054801062695,0.0,430,530,630,700,960,1300,3500,7300,15000,15000,15000
POST,/,54,0,990,1296.6666666666667,139,11384,10208.166666666666,0.04485038100715026,0.0,1100,1200,1400,1700,2100,2900,3100,11000,11000,11000,11000
GET,/auth/find-friends/,478,0,330,652.3786610878661,57,16572,1974.0,0.3970089281744042,0.0,330,420,500,570,750,1300,5100,8600,17000,17000,17000
GET,/auth/login/,1,0,731,731.0,731,731,2961.0,0.0008305626112435234,0.0,730,730,730,730,730,730,730,730,730,730,730
POST,/auth/login/,51,0,1300,2412.0196078431372,390,16951,10320.745098039215,0.04235869317341969,0.0,1300,1600,2000,2000,6000,9600,12000,17000,17000,17000,17000
GET,/auth/logout/,50,0,370,687.08,127,10871,1712.0,0.04152813056217617,0.0,390,450,530,640,900,940,11000,11000,11000,11000,11000
POST,/auth/modify-friend/,239,0,330,656.2803347280335,44,17088,1713.0,0.1985044640872021,0.0,330,430,530,600,860,1200,4600,8700,17000,17000,17000
GET,/public/,239,0,390,830.5397489539749,86,14899,10225.702928870292,0.1985044640872021,0.0,390,520,600,670,1000,4000,8200,11000,15000,15000,15000
,Aggregated,1495,0,390,768.5578595317726,44,17088,5922.427424749164,1.2416911038090674,0.0,390,520,630,710,1100,2000,6500,9600,17000,17000,17000
