Type,Name,Request Count,Failure Count,Median Response Time,Average Response Time,Min Response Time,Max Response Time,Average Content Size,Requests/s,Failures/s,50%,66%,75%,80%,90%,95%,98%,99%,99.9%,99.99%,100%
GET,/,323,0,440,721.7863777089783,107,14749,10045.820433436533,0.26880378990734316,0.0,440,560,650,720,940,1400,4700,8700,15000,15000,15000
POST,/,43,0,810,1473.8139534883721,313,8192,9869.60465116279,0.035785024662587483,0.0,810,990,1400,1700,4400,5800,8200,8200,8200,8200,8200
GET,/auth/find-friends/,478,0,360,773.9853556485356,46,17391,1974.0,0.39779632066783294,0.0,360,500,620,670,960,2000,7400,11000,17000,17000,17000
GET,/auth/login/,1,0,377,377.0,377,377,2961.0,0.0008322098758741274,0.0,380,380,380,380,380,380,380,380,380,380,380
POST,/auth/login/,46,0,1200,2613.586956521739,612,17524,9631.065217391304,0.03828165429020986,0.0,1400,1800,2300,3000,6200,8700,18000,18000,18000,18000,18000
GET,/auth/logout/,45,0,360,445.02222222222224,64,1641,1712.0,0.03744944441433574,0.0,360,410,480,620,840,1200,1600,1600,1600,1600,1600
POST,/auth/modify-friend/,239,0,370,722.7698744769874,70,12886,1713.0,0.19889816033391647,0.0,370,460,560,630,890,1300,8200,11000,13000,13000,13000
GET,/public/,239,0,430,698.3514644351465,136,14917,10228.606694560669,0.19889816033391647,0.0,430,580,710,850,1100,1700,3500,3900,15000,15000,15000
,Aggregated,1414,0,410,810.998585572843,46,17524,5650.522630834512,1.1767447644860163,0.0,410,550,680,780,1100,2200,6900,9900,17000,18000,18000
