Type,Name,Request Count,Failure Count,Median Response Time,Average Response Time,Min Response Time,Max Response Time,Average Content Size,Requests/s,Failures/s,50%,66%,75%,80%,90%,95%,98%,99%,99.9%,99.99%,100%
GET,/,609,0,300,478.28735632183907,29,7186,10143.487684729063,0.4928720665925439,0.0,300,370,430,490,630,980,4000,5700,7200,7200,7200
POST,/,88,0,660,894.0681818181819,96,8653,10094.511363636364,0.07121960896575347,0.0,670,850,1000,1100,1300,1600,5400,8700,8700,8700,8700
GET,/auth/find-friends/,796,0,240,368.6532663316583,35,7577,1974.0,0.64421373564477,0.0,240,320,380,410,520,700,2400,5000,7600,7600,7600
GET,/auth/login/,1,0,87,87.0,87,87,2961.0,0.0008093137382471985,0.0,87,87,87,87,87,87,87,87,87,87,87
POST,/auth/login/,76,0,670,1288.8815789473683,99,8606,10261.618421052632,0.061507844106787085,0.0,700,830,920,1100,4000,6200,8200,8600,8600,8600,8600
GET,/auth/logout/,75,0,260,421.3333333333333,45,9408,1712.0,0.06069853036853989,0.0,260,320,400,430,550,650,1800,9400,9400,9400,9400
POST,/auth/modify-friend/,398,0,240,374.30904522613065,33,7359,1713.0,0.322106867822385,0.0,240,290,340,390,480,810,3600,4600,7400,7400,7400
GET,/public/,398,0,300,529.2035175879397,67,11616,10174.866834170854,0.322106867822385,0.0,300,390,460,510,670,930,5600,7600,12000,12000,12000
,Aggregated,2441,0,280,472.2011470708726,29,11616,5849.9057763211795,1.9755348350614115,0.0,280,360,430,480,670,1000,4100,6000,9300,12000,12000
