Type,Name,Request Count,Failure Count,Median Response Time,Average Response Time,Min Response Time,Max Response Time,Average Content Size,Requests/s,Failures/s,50%,66%,75%,80%,90%,95%,98%,99%,99.9%,99.99%,100%
GET,/,507,0,310,487.08284023668637,20,13352,10257.222879684417,0.4108227540632964,0.0,310,370,440,500,680,900,2800,5100,13000,13000,13000
POST,/,75,0,560,1030.3866666666668,240,8488,10310.146666666667,0.060772596754925495,0.0,560,750,980,1200,1400,5100,6600,8500,8500,8500,8500
GET,/auth/find-friends/,772,0,270,437.4158031088083,26,8851,1974.0,0.6255525959306998,0.0,270,330,390,440,610,820,3400,5500,8900,8900,8900
GET,/auth/login/,1,0,25,25.0,25,25,2961.0,0.0008103012900656733,0.0,25,25,25,25,25,25,25,25,25,25,25
POST,/auth/login/,73,0,980,1512.054794520548,48,6866,10038.82191780822,0.05915199417479415,0.0,980,1300,1400,2200,3900,5100,6000,6900,6900,6900,6900
GET,/auth/logout/,72,0,270,502.5,20,4515,1712.0,0.05834169288472848,0.0,280,370,430,470,620,3300,4000,4500,4500,4500,4500
POST,/auth/modify-friend/,386,0,250,395.580310880829,22,7757,1713.0,0.3127762979653499,0.0,250,310,360,400,540,720,3200,5200,7800,7800,7800
GET,/public/,387,0,310,487.5968992248062,62,7887,10176.824289405684,0.31358659925541554,0.0,310,390,440,490,700,1100,4000,5400,7900,7900,7900
,Aggregated,2273,0,300,505.8926528816542,20,13352,5700.091948966124,1.8418148323192753,0.0,300,380,440,510,740,1200,4200,5700,8500,13000,13000
