Type,Name,Request Count,Failure Count,Median Response Time,Average Response Time,Min Response Time,Max Response Time,Average Content Size,Requests/s,Failures/s,50%,66%,75%,80%,90%,95%,98%,99%,99.9%,99.99%,100%
GET,/,457,0,320,625.3938730853391,29,19644,10179.700218818381,0.38070979655774734,0.0,320,420,500,560,770,1200,4400,10000,20000,20000,20000
POST,/,58,0,550,1565.0344827586207,211,15273,9756.431034482759,0.04831765470535961,0.0,570,760,940,1100,1500,14000,14000,15000,15000,15000,15000
GET,/auth/find-friends/,688,0,260,413.40843023255815,31,11506,1974.0,0.5731473523670244,0.0,260,340,400,450,610,810,2500,4100,12000,12000,12000
GET,/auth/login/,1,0,164,164.0,164,164,2961.0,0.0008330630121613727,0.0,160,160,160,160,160,160,160,160,160,160,160
POST,/auth/login/,64,0,900,1580.546875,87,16140,9822.25,0.05331603277832785,0.0,910,1200,1400,1700,3100,5200,7300,16000,16000,16000,16000
GET,/auth/logout/,63,0,190,334.6666666666667,50,5930,1712.0,0.05248296976616648,0.0,190,270,340,370,530,550,700,5900,5900,5900,5900
POST,/auth/modify-friend/,344,0,240,369.2587209302326,20,13622,1713.0,0.2865736761835122,0.0,240,320,390,430,580,720,1200,2500,14000,14000,14000
GET,/public/,344,0,320,640.1191860465116,50,13747,10169.906976744185,0.2865736761835122,0.0,330,420,520,570,840,1100,7100,9000,14000,14000,14000
,Aggregated,2019,0,290,559.9955423476969,20,19644,5647.978702327885,1.6819542215538115,0.0,290,390,470,540,750,1200,3900,7700,15000,20000,20000
