Type,Name,Request Count,Failure Count,Median Response Time,Average Response Time,Min Response Time,Max Response Time,Average Content Size,Requests/s,Failures/s,50%,66%,75%,80%,90%,95%,98%,99%,99.9%,99.99%,100%
GET,/,394,0,460,738.9796954314721,105,9579,10184.007614213198,0.32056215581932607,0.0,460,560,650,720,940,1600,6100,7400,9600,9600,9600
POST,/,57,0,780,1204.5263157894738,340,6243,10276.263157894737,0.046375743354572556,0.0,780,1000,1200,1300,1900,5000,6200,6200,6200,6200,6200
GET,/auth/find-friends/,521,0,410,585.1132437619962,58,7800,1974.0,0.4238905664514439,0.0,410,500,560,620,800,1100,4000,5000,7800,7800,7800
GET,/auth/login/,1,0,1284,1284.0,1284,1284,2961.0,0.0008136095325363607,0.0,1300,1300,1300,1300,1300,1300,1300,1300,1300,1300,1300
POST,/auth/login/,60,0,1200,2114.55,525,11832,10045.233333333334,0.048816571952181635,0.0,1200,1400,1800,2200,6800,7600,8400,12000,12000,12000,12000
GET,/auth/logout/,59,0,360,522.3898305084746,61,3547,1712.0,0.04800296241964528,0.0,360,420,560,620,1000,1400,3500,3500,3500,3500,3500
POST,/auth/modify-friend/,260,0,390,643.5115384615384,72,7873,1713.0,0.21153847845945375,0.0,390,490,550,620,780,1200,5500,7100,7900,7900,7900
GET,/public/,261,0,450,665.7126436781609,164,8356,10200.122605363984,0.21235208799199012,0.0,450,550,670,760,850,1200,3100,6500,8400,8400,8400
,Aggregated,1613,0,440,722.0719156850589,58,11832,5853.065716057036,1.3123521759811496,0.0,440,550,650,730,1000,2100,5300,6700,9600,12000,12000
