Type,Name,Request Count,Failure Count,Median Response Time,Average Response Time,Min Response Time,Max Response Time,Average Content Size,Requests/s,Failures/s,50%,66%,75%,80%,90%,95%,98%,99%,99.9%,99.99%,100%
GET,/,521,0,370,534.5623800383877,37,14706,9849.656429942419,0.4215400647327292,0.0,370,490,560,620,800,1000,2400,4700,15000,15000,15000
POST,/,75,0,640,909.6933333333334,235,4678,9889.533333333333,0.06068235096920286,0.0,640,900,970,1000,1500,3300,4400,4700,4700,4700,4700
GET,/auth/find-friends/,678,0,310,469.9070796460177,35,8168,1974.0,0.5485684527615938,0.0,320,400,460,510,740,1000,3000,4600,8200,8200,8200
GET,/auth/login/,1,0,93,93.0,93,93,2961.0,0.0008090980129227049,0.0,93,93,93,93,93,93,93,93,93,93,93
POST,/auth/login/,66,0,1000,1514.030303030303,78,7149,9759.439393939394,0.05340046885289852,0.0,1000,1200,1800,2100,3700,4700,6300,7100,7100,7100,7100
GET,/auth/logout/,65,0,290,465.95384615384614,37,4396,1712.0,0.052591370839975816,0.0,290,340,420,500,660,1600,3300,4400,4400,4400,4400
POST,/auth/modify-friend/,339,0,310,521.7846607669617,42,8205,1713.0,0.2742842263807969,0.0,310,400,490,540,730,1200,4000,5100,8200,8200,8200
GET,/public/,340,0,370,562.3558823529412,83,7182,10207.844117647059,0.27509332439371964,0.0,380,480,540,610,920,1300,3500,4500,7200,7200,7200
,Aggregated,2085,0,350,558.1405275779376,35,14706,5765.70551558753,1.6869693569438395,0.0,350,460,540,620,890,1400,3700,4700,8200,15000,15000
