Type,Name,Request Count,Failure Count,Median Response Time,Average Response Time,Min Response Time,Max Response Time,Average Content Size,Requests/s,Failures/s,50%,66%,75%,80%,90%,95%,98%,99%,99.9%,99.99%,100%
GET,/,477,0,280,530.0125786163522,47,17811,10208.825995807128,0.39670145862323514,0.0,280,370,420,460,660,1100,2900,8600,18000,18000,18000
POST,/,55,0,580,1176.0181818181818,173,12465,10242.218181818182,0.045741258331819565,0.0,580,760,850,1000,1900,4800,9700,12000,12000,12000,12000
GET,/auth/find-friends/,738,0,240,417.42818428184285,25,14770,1974.0,0.613764520888779,0.0,240,320,390,430,570,800,2200,5600,15000,15000,15000
GET,/auth/login/,1,0,172,172.0,172,172,2961.0,0.0008316592423967195,0.0,170,170,170,170,170,170,170,170,170,170,170
POST,/auth/login/,74,0,640,1121.3513513513512,183,8879,10102.22972972973,0.06154278393735724,0.0,650,840,1000,1300,2500,4500,6700,8900,8900,8900,8900
GET,/auth/logout/,73,0,200,383.47945205479454,33,10420,1712.0,0.06071112469496052,0.0,200,270,320,370,460,540,1200,10000,10000,10000,10000
POST,/auth/modify-friend/,369,0,230,506.9430894308943,29,18538,1713.0,0.3068822604443895,0.0,230,320,380,430,580,830,4000,7900,19000,19000,19000
GET,/public/,369,0,290,517.1029810298103,60,14980,10170.560975609756,0.3068822604443895,0.0,290,400,450,480,670,900,3200,7000,15000,15000,15000
,Aggregated,2156,0,270,516.9656771799629,25,18538,5635.56586270872,1.793057326607327,0.0,270,360,430,480,680,1000,3700,7900,15000,19000,19000
