Type,Name,Request Count,Failure Count,Median Response Time,Average Response Time,Min Response Time,Max Response Time,Average Content Size,Requests/s,Failures/s,50%,66%,75%,80%,90%,95%,98%,99%,99.9%,99.99%,100%
GET,/,556,0,330,542.7697841726618,24,7247,10088.363309352519,0.4497942658300523,0.0,330,420,500,540,760,1300,4000,5300,7200,7200,7200
POST,/,65,0,630,847.123076923077,102,5689,9976.584615384616,0.05258386201250611,0.0,630,810,960,1100,1200,1800,3600,5700,5700,5700,5700
GET,/auth/find-friends/,757,0,250,397.6208718626156,29,8393,1974.0,0.6123997468225711,0.0,250,340,410,450,630,860,2400,3600,8400,8400,8400
GET,/auth/login/,1,0,86,86.0,86,86,2961.0,0.000808982492500094,0.0,86,86,86,86,86,86,86,86,86,86,86
POST,/auth/login/,84,0,930,1593.6190476190477,74,16385,9951.559523809523,0.0679545293700079,0.0,960,1200,1500,1700,3700,4700,10000,16000,16000,16000,16000
GET,/auth/logout/,83,0,220,356.0120481927711,21,3588,1712.0,0.0671455468775078,0.0,220,330,400,430,630,780,2400,3600,3600,3600,3600
POST,/auth/modify-friend/,378,0,250,419.65608465608466,26,7280,1713.0,0.30579538216503555,0.0,250,320,380,430,550,840,3300,5400,7300,7300,7300
GET,/public/,383,0,320,431.4751958224543,21,6177,10097.028720626631,0.309840294627536,0.0,320,410,480,530,670,850,1400,4000,6200,6200,6200
,Aggregated,2307,0,300,496.41352405721716,21,16385,5742.345036844386,1.8663226101977168,0.0,300,400,480,540,770,1200,3500,4600,8400,16000,16000
