Type,Name,Request Count,Failure Count,Median Response Time,Average Response Time,Min Response Time,Max Response Time,Average Content Size,Requests/s,Failures/s,50%,66%,75%,80%,90%,95%,98%,99%,99.9%,99.99%,100%
GET,/,461,0,380,610.8134490238612,45,8383,10020.236442516269,0.37318222506915705,0.0,380,470,560,630,820,1200,4400,7700,8400,8400,8400
POST,/,70,0,730,1040.2714285714285,245,8017,10334.971428571429,0.05666541378490454,0.0,770,900,1100,1100,1600,3600,4100,8000,8000,8000,8000
GET,/auth/find-friends/,648,0,320,499.7098765432099,44,8619,1974.0,0.5245598304659734,0.0,320,410,500,570,770,1000,3900,5100,8600,8600,8600
GET,/auth/login/,1,0,59,59.0,59,59,2961.0,0.000809505911212922,0.0,59,59,59,59,59,59,59,59,59,59,59
POST,/auth/login/,62,0,900,1397.725806451613,98,7387,10184.677419354839,0.050189366495201164,0.0,930,1000,1300,1400,3500,4500,6000,7400,7400,7400,7400
GET,/auth/logout/,61,0,370,488.26229508196724,62,4771,1712.0,0.049379860583988244,0.0,370,410,510,520,610,900,2500,4800,4800,4800,4800
POST,/auth/modify-friend/,324,0,320,491.1296296296296,62,11355,1713.0,0.2622799152329867,0.0,320,430,510,550,760,1200,2100,3800,11000,11000,11000
GET,/public/,325,0,400,658.7384615384616,69,8734,10158.686153846154,0.26308942114419964,0.0,400,510,570,640,830,2600,5000,6300,8700,8700,8700
,Aggregated,1952,0,370,598.326844262295,44,11355,5746.596823770492,1.5801555386876238,0.0,370,490,570,640,890,1400,4400,6000,8700,11000,11000
