Type,Name,Request Count,Failure Count,Median Response Time,Average Response Time,Min Response Time,Max Response Time,Average Content Size,Requests/s,Failures/s,50%,66%,75%,80%,90%,95%,98%,99%,99.9%,99.99%,100%
GET,/,483,0,270,592.1428571428571,34,17093,10178.79917184265,0.4040261752401022,0.0,270,350,430,500,670,940,5300,13000,17000,17000,17000
POST,/,61,0,420,668.3934426229508,135,7386,10079.147540983606,0.05102608010278724,0.0,420,630,750,820,1000,1400,1900,7400,7400,7400,7400
GET,/auth/find-friends/,682,0,220,478.65102639296185,18,17552,1974.0,0.5704883054114901,0.0,220,300,370,420,630,900,4200,8000,18000,18000,18000
GET,/auth/login/,1,0,460,460.0,460,460,2961.0,0.000836493116439135,0.0,460,460,460,460,460,460,460,460,460,460,460
POST,/auth/login/,81,0,810,1833.0864197530864,220,17498,10278.20987654321,0.06775594243156993,0.0,810,1200,1500,2000,3900,8100,11000,17000,17000,17000,17000
GET,/auth/logout/,80,0,220,385.2875,19,12325,1712.0,0.0669194493151308,0.0,220,270,330,370,460,540,630,12000,12000,12000,12000
POST,/auth/modify-friend/,341,0,210,362.741935483871,20,16751,1713.0,0.28524415270574505,0.0,210,280,340,380,530,730,1100,3600,17000,17000,17000
GET,/public/,341,0,280,427.46041055718473,49,10626,10169.850439882697,0.28524415270574505,0.0,280,350,410,460,690,870,2300,4500,11000,11000,11000
,Aggregated,2070,0,250,532.5792270531401,18,17552,5749.7410628019325,1.7315407510290095,0.0,250,340,420,470,740,1100,4200,8100,17000,18000,18000
