Type,Name,Request Count,Failure Count,Median Response Time,Average Response Time,Min Response Time,Max Response Time,Average Content Size,Requests/s,Failures/s,50%,66%,75%,80%,90%,95%,98%,99%,99.9%,99.99%,100%
GET,/,560,0,350,520.7142857142857,35,6473,10292.319642857143,0.45569973271369607,0.0,350,440,520,600,830,1200,3300,4200,6500,6500,6500
POST,/,77,0,740,972.2337662337662,294,5803,10427.753246753247,0.06265871324813321,0.0,740,930,1100,1100,1500,2800,4800,5800,5800,5800,5800
GET,/auth/find-friends/,794,0,280,417.7103274559194,35,6532,1974.0,0.6461171210262048,0.0,280,350,440,500,670,950,2900,3600,6500,6500,6500
GET,/auth/login/,1,0,191,191.0,191,191,2961.0,0.0008137495227030287,0.0,190,190,190,190,190,190,190,190,190,190,190
POST,/auth/login/,71,0,910,1327.9014084507041,36,7447,9935.61971830986,0.05777621611191503,0.0,910,1400,1700,1900,2400,3400,5800,7400,7400,7400,7400
GET,/auth/logout/,70,0,260,422.3857142857143,48,3547,1712.0,0.05696246658921201,0.0,270,360,400,450,670,1400,3300,3500,3500,3500,3500
POST,/auth/modify-friend/,397,0,260,326.74811083123427,22,4181,1713.0,0.3230585605131024,0.0,260,340,400,440,580,780,920,1100,4200,4200,4200
GET,/public/,397,0,340,502.03778337531486,72,6264,10212.702770780856,0.3230585605131024,0.0,340,450,530,580,770,1000,3300,4700,6300,6300,6300
,Aggregated,2367,0,320,486.3502323616392,22,7447,5786.534009294465,1.9261451202380688,0.0,320,420,520,580,820,1200,3000,3800,6500,7400,7400
