Type,Name,Request Count,Failure Count,Median Response Time,Average Response Time,Min Response Time,Max Response Time,Average Content Size,Requests/s,Failures/s,50%,66%,75%,80%,90%,95%,98%,99%,99.9%,99.99%,100%
GET,/,545,0,340,608.5871559633027,88,14371,10219.299082568807,0.4429461376069892,0.0,340,430,500,540,730,1100,6100,6300,14000,14000,14000
POST,/,67,0,660,964.7462686567164,237,4740,10143.029850746268,0.05445392884342803,0.0,660,810,950,1100,1600,3700,4500,4700,4700,4700,4700
GET,/auth/find-friends/,660,0,290,472.9560606060606,64,8210,1974.0,0.536411836368097,0.0,290,360,420,450,630,830,4400,5700,8200,8200,8200
GET,/auth/login/,1,0,463,463.0,463,463,2961.0,0.0008127452066183288,0.0,460,460,460,460,460,460,460,460,460,460,460
POST,/auth/login/,73,0,930,1573.054794520548,259,9738,9962.643835616438,0.059330400083138,0.0,930,1100,1300,1700,3600,7100,8100,9700,9700,9700,9700
GET,/auth/logout/,73,0,250,290.2739726027397,57,857,1712.0,0.059330400083138,0.0,250,310,390,420,490,570,610,860,860,860,860
POST,/auth/modify-friend/,330,0,290,365.6848484848485,65,4925,1713.0,0.2682059181840485,0.0,290,350,390,460,540,690,880,3600,4900,4900,4900
GET,/public/,330,0,330,564.0727272727273,101,9460,10213.878787878788,0.2682059181840485,0.0,340,410,470,530,730,1000,4600,6200,9500,9500,9500
,Aggregated,2079,0,320,554.004329004329,57,14371,5936.999037999038,1.6896972845595055,0.0,320,410,490,540,760,1200,4700,6200,9500,14000,14000
