Type,Name,Request Count,Failure Count,Median Response Time,Average Response Time,Min Response Time,Max Response Time,Average Content Size,Requests/s,Failures/s,50%,66%,75%,80%,90%,95%,98%,99%,99.9%,99.99%,100%
GET,/,476,0,300,521.1911764705883,72,16655,9990.95168067227,0.3950025184901616,0.0,300,380,460,500,660,880,2300,8900,17000,17000,17000
POST,/,61,0,630,1047.5409836065573,267,12804,10088.098360655738,0.050620070646848446,0.0,630,800,900,1000,1400,1900,6200,13000,13000,13000,13000
GET,/auth/find-friends/,644,0,260,437.74378881987576,32,12929,1974.0,0.5344151720749245,0.0,260,360,410,450,620,920,3500,5800,13000,13000,13000
GET,/auth/login/,1,0,130,130.0,130,130,2961.0,0.0008298372237188269,0.0,130,130,130,130,130,130,130,130,130,130,130
POST,/auth/login/,67,0,890,1922.5373134328358,152,14774,9888.298507462687,0.05559909398916141,0.0,890,1500,1900,2600,5300,7100,11000,15000,15000,15000,15000
GET,/auth/logout/,67,0,240,377.7164179104478,27,3415,1712.0,0.05559909398916141,0.0,240,330,380,420,600,1000,3200,3400,3400,3400,3400
POST,/auth/modify-friend/,322,0,240,448.85093167701865,35,16529,1713.0,0.26720758603746225,0.0,240,330,380,420,610,760,2000,2900,17000,17000,17000
GET,/public/,322,0,310,744.9534161490683,52,14275,10208.841614906833,0.26720758603746225,0.0,310,400,470,530,720,2000,8300,12000,14000,14000,14000
,Aggregated,1960,0,290,577.8295918367347,27,16655,5745.580102040816,1.6264809584889008,0.0,290,380,460,520,760,1300,5100,8200,17000,17000,17000
