Type,Name,Request Count,Failure Count,Median Response Time,Average Response Time,Min Response Time,Max Response Time,Average Content Size,Requests/s,Failures/s,50%,66%,75%,80%,90%,95%,98%,99%,99.9%,99.99%,100%
GET,/,512,0,270,460.2734375,33,11775,10276.830078125,0.43216545222131625,0.0,270,350,410,450,630,860,2000,5900,12000,12000,12000
POST,/,58,0,540,1084.2068965517242,126,16271,10372.551724137931,0.048956242634445986,0.0,540,750,840,940,1400,3900,7400,16000,16000,16000,16000
GET,/auth/find-friends/,714,0,210,450.4299719887955,30,21476,1974.0,0.6026682282930075,0.0,210,280,340,380,560,810,3800,6100,21000,21000,21000
GET,/auth/login/,1,0,686,686.0,686,686,2961.0,0.0008440731488697583,0.0,690,690,690,690,690,690,690,690,690,690,690
POST,/auth/login/,84,0,550,1524.0,144,15501,9930.595238095239,0.0709021445050597,0.0,580,770,1000,1100,4200,6900,13000,16000,16000,16000,16000
GET,/auth/logout/,84,0,180,264.5238095238095,25,2421,1712.0,0.0709021445050597,0.0,190,240,320,340,450,680,1500,2400,2400,2400,2400
POST,/auth/modify-friend/,357,0,200,425.2408963585434,18,13166,1713.0,0.30133411414650374,0.0,200,270,320,360,490,690,3600,9300,13000,13000,13000
GET,/public/,357,0,260,462.1932773109244,53,17644,10217.403361344537,0.30133411414650374,0.0,260,340,410,460,710,980,2500,4000,18000,18000,18000
,Aggregated,2167,0,240,502.02445777572683,18,21476,5774.284263959391,1.8291065136007663,0.0,240,330,390,450,680,1000,4100,8000,16000,21000,21000
