Type,Name,Request Count,Failure Count,Median Response Time,Average Response Time,Min Response Time,Max Response Time,Average Content Size,Requests/s,Failures/s,50%,66%,75%,80%,90%,95%,98%,99%,99.9%,99.99%,100%
GET,/,535,0,320,546.8168224299066,52,9957,10315.256074766356,0.4336168795658918,0.0,320,410,500,540,740,1100,4400,6000,10000,10000,10000
POST,/,80,0,630,1102.7125,205,8638,10333.7875,0.06483990722480625,0.0,640,800,920,1100,1600,5900,6500,8600,8600,8600,8600
GET,/auth/find-friends/,758,0,240,409.24274406332455,30,7766,1974.0,0.6143581209550392,0.0,240,310,370,410,540,780,3400,5400,7800,7800,7800
GET,/auth/login/,1,0,73,73.0,73,73,2961.0,0.000810498840310078,0.0,73,73,73,73,73,73,73,73,73,73,73
POST,/auth/login/,79,0,810,1495.6455696202531,138,8340,10101.632911392406,0.06402940838449617,0.0,810,990,1300,1600,4000,7000,7600,8300,8300,8300,8300
GET,/auth/logout/,79,0,230,267.0886075949367,66,674,1712.0,0.06402940838449617,0.0,230,290,310,380,490,600,670,670,670,670,670
POST,/auth/modify-friend/,379,0,250,326.934036939314,18,6985,1713.0,0.3071790604775196,0.0,250,320,370,400,530,670,960,1300,7000,7000,7000
GET,/public/,379,0,310,499.0052770448549,74,14647,10190.683377308707,0.3071790604775196,0.0,310,380,440,510,680,930,3400,5700,15000,15000,15000
,Aggregated,2290,0,290,499.2707423580786,18,14647,5803.2275109170305,1.8560423443100789,0.0,290,380,450,510,720,1100,4300,5900,9200,15000,15000
