Type,Name,Request Count,Failure Count,Median Response Time,Average Response Time,Min Response Time,Max Response Time,Average Content Size,Requests/s,Failures/s,50%,66%,75%,80%,90%,95%,98%,99%,99.9%,99.99%,100%
GET,/,492,0,300,510.2682926829268,59,14978,10037.886178861789,0.40959971479694657,0.0,300,370,450,500,670,920,2800,5800,15000,15000,15000
POST,/,69,0,640,1115.5217391304348,191,12639,9937.869565217392,0.057443862441035186,0.0,640,820,860,1000,1900,4000,6700,13000,13000,13000,13000
GET,/auth/find-friends/,666,0,240,402.24924924924926,39,14111,1974.0,0.5544581505178179,0.0,240,320,370,400,580,750,1700,5900,14000,14000,14000
GET,/auth/login/,1,0,729,729.0,729,729,2961.0,0.0008325197455222491,0.0,730,730,730,730,730,730,730,730,730,730,730
POST,/auth/login/,60,0,1100,1890.1833333333334,263,14987,10231.566666666668,0.04995118473133495,0.0,1100,1300,1600,1900,5000,9000,9700,15000,15000,15000,15000
GET,/auth/logout/,59,0,240,366.8813559322034,38,3474,1712.0,0.049118664985812695,0.0,240,300,430,520,680,740,1400,3500,3500,3500,3500
POST,/auth/modify-friend/,333,0,250,461.97297297297297,23,15589,1713.0,0.27722907525890894,0.0,250,320,360,390,550,810,3900,7700,16000,16000,16000
GET,/public/,333,0,300,750.4864864864865,73,17472,10203.675675675675,0.27722907525890894,0.0,300,390,450,530,770,2400,8700,14000,17000,17000,17000
,Aggregated,2013,0,280,564.0615996025832,23,17472,5775.038748137109,1.6758622477362874,0.0,280,370,440,510,740,1200,4900,8600,15000,17000,17000
