Type,Name,Request Count,Failure Count,Median Response Time,Average Response Time,Min Response Time,Max Response Time,Average Content Size,Requests/s,Failures/s,50%,66%,75%,80%,90%,95%,98%,99%,99.9%,99.99%,100%
GET,/,694,0,240,376.59221902017293,55,7748,10192.351585014409,0.5645399182449231,0.0,240,310,350,380,510,650,2700,5800,7700,7700,7700
POST,/,98,0,460,929.6326530612245,135,8772,10254.316326530612,0.07971889335447041,0.0,470,540,630,820,1200,6600,8200,8800,8800,8800,8800
GET,/auth/find-friends/,976,0,190,316.030737704918,26,7750,1974.0,0.7939351011628889,0.0,190,260,300,330,430,610,2500,5000,7800,7800,7800
GET,/auth/login/,1,0,355,355.0,355,355,2961.0,0.0008134580954537796,0.0,360,360,360,360,360,360,360,360,360,360,360
POST,/auth/login/,101,0,510,1106.8217821782177,150,14553,10178.960396039603,0.08215926764083174,0.0,510,630,860,980,3000,4200,4900,7100,15000,15000,15000
GET,/auth/logout/,100,0,180,305.08,23,5265,1712.0,0.08134580954537797,0.0,180,230,260,300,490,680,4700,5300,5300,5300,5300
POST,/auth/modify-friend/,488,0,180,271.0163934426229,25,9315,1713.0,0.39696755058144445,0.0,180,240,280,310,430,510,700,3400,9300,9300,9300
GET,/public/,488,0,240,376.61270491803276,47,9426,10212.70081967213,0.39696755058144445,0.0,250,310,340,380,530,680,2900,4600,9400,9400,9400
,Aggregated,2946,0,220,380.040733197556,23,14553,5779.707060420909,2.396447549206835,0.0,220,290,340,380,520,720,3400,5200,9300,15000,15000
