Type,Name,Request Count,Failure Count,Median Response Time,Average Response Time,Min Response Time,Max Response Time,Average Content Size,Requests/s,Failures/s,50%,66%,75%,80%,90%,95%,98%,99%,99.9%,99.99%,100%
GET,/,485,0,370,564.4845360824743,54,9406,9994.58969072165,0.39626059981564293,0.0,370,480,560,610,800,1000,4100,6100,9400,9400,9400
POST,/,73,0,820,1375.5753424657535,268,8985,10311.328767123288,0.05964334801348853,0.0,820,1000,1300,1300,2800,5700,8500,9000,9000,9000,9000
GET,/auth/find-friends/,623,0,310,502.3418940609952,34,15351,1974.0,0.5090110385260733,0.0,310,400,470,510,720,970,3600,5700,15000,15000,15000
GET,/auth/login/,1,0,350,350.0,350,350,2961.0,0.0008170321645683359,0.0,350,350,350,350,350,350,350,350,350,350,350
POST,/auth/login/,67,0,800,1620.6716417910447,227,7346,9971.89552238806,0.05474115502607851,0.0,800,1100,1200,1600,6100,6700,7000,7300,7300,7300,7300
GET,/auth/logout/,66,0,340,477.6060606060606,66,5665,1712.0,0.053924122861510174,0.0,370,480,530,560,840,910,1400,5700,5700,5700,5700
POST,/auth/modify-friend/,311,0,300,464.6752411575563,32,8216,1713.0,0.2540970031807525,0.0,300,390,450,510,670,820,4300,5100,8200,8200,8200
GET,/public/,312,0,350,560.5929487179487,96,7095,10198.634615384615,0.2549140353453208,0.0,350,440,520,560,740,1300,4400,6000,7100,7100,7100
,Aggregated,1938,0,350,591.8611971104231,32,15351,5845.55830753354,1.5834083349334351,0.0,350,460,540,610,840,1300,4900,6300,9400,15000,15000
