Type,Name,Request Count,Failure Count,Median Response Time,Average Response Time,Min Response Time,Max Response Time,Average Content Size,Requests/s,Failures/s,50%,66%,75%,80%,90%,95%,98%,99%,99.9%,99.99%,100%
GET,/,778,0,220,359.9460154241645,35,9799,10221.303341902314,0.6297751951263704,0.0,220,280,330,360,450,600,2200,5500,9800,9800,9800
POST,/,104,0,420,572.9519230769231,126,6595,10263.009615384615,0.08418588726625002,0.0,430,520,610,640,880,1000,1400,4100,6600,6600,6600
GET,/auth/find-friends/,1030,0,170,329.8,18,7928,1974.0,0.8337640758099762,0.0,170,220,260,300,410,570,3600,6000,7900,7900,7900
GET,/auth/login/,1,0,31,31.0,31,31,2961.0,0.0008094796852524041,0.0,31,31,31,31,31,31,31,31,31,31,31
POST,/auth/login/,111,0,590,1038.3063063063064,59,13213,10255.891891891892,0.08985224506301685,0.0,590,710,820,980,2300,3400,4900,9300,13000,13000,13000
GET,/auth/logout/,110,0,150,227.0,21,3083,1712.0,0.08904276537776445,0.0,150,180,220,260,410,450,820,2700,3100,3100,3100
POST,/auth/modify-friend/,515,0,160,251.9650485436893,20,5975,1713.0,0.4168820379049881,0.0,160,210,260,300,390,520,720,3900,6000,6000,6000
GET,/public/,515,0,220,321.40388349514564,43,6310,10164.91067961165,0.4168820379049881,0.0,220,290,320,360,480,580,870,3700,6300,6300,6300
,Aggregated,3164,0,200,352.35682680151706,18,13213,5846.888748419722,2.5611937241386067,0.0,200,260,320,360,500,680,3000,5000,7900,13000,13000
