Type,Name,Request Count,Failure Count,Median Response Time,Average Response Time,Min Response Time,Max Response Time,Average Content Size,Requests/s,Failures/s,50%,66%,75%,80%,90%,95%,98%,99%,99.9%,99.99%,100%
GET,/,400,0,400,638.0275,34,8652,10166.27,0.32371968863203915,0.0,400,520,600,640,900,1200,5700,6600,8700,8700,8700
POST,/,55,0,740,963.9272727272727,104,6636,10179.618181818181,0.044511457186905384,0.0,740,940,1000,1100,1400,1900,4700,6600,6600,6600,6600
GET,/auth/find-friends/,674,0,320,498.5786350148368,34,7582,1974.0,0.545467675344986,0.0,320,410,460,510,760,1100,4300,5000,7600,7600,7600
GET,/auth/login/,1,0,43,43.0,43,43,2961.0,0.0008092992215800979,0.0,43,43,43,43,43,43,43,43,43,43,43
POST,/auth/login/,69,0,910,1622.376811594203,147,8089,9849.59420289855,0.05584164628902675,0.0,910,1100,1600,1900,4000,6700,8100,8100,8100,8100,8100
GET,/auth/logout/,68,0,380,494.5147058823529,29,3261,1712.0,0.055032347067446655,0.0,380,440,560,580,960,1400,3200,3300,3300,3300,3300
POST,/auth/modify-friend/,337,0,310,424.0207715133531,37,8423,1713.0,0.272733837672493,0.0,310,400,470,510,680,800,1300,3100,8400,8400,8400
GET,/public/,337,0,380,676.8160237388724,61,14502,10156.635014836795,0.272733837672493,0.0,380,460,540,600,830,2000,5800,7200,15000,15000,15000
,Aggregated,1941,0,360,598.0757341576507,29,14502,5541.436888201958,1.57084978908697,0.0,360,460,560,630,910,1400,4800,6000,9500,15000,15000
