Type,Name,Request Count,Failure Count,Median Response Time,Average Response Time,Min Response Time,Max Response Time,Average Content Size,Requests/s,Failures/s,50%,66%,75%,80%,90%,95%,98%,99%,99.9%,99.99%,100%
GET,/,724,0,230,385.1837016574586,32,8176,10214.581491712706,0.5883491376925226,0.0,230,290,330,380,520,700,3800,4700,8200,8200,8200
POST,/,106,0,460,681.622641509434,137,6510,10216.433962264151,0.08613951463454061,0.0,460,600,670,700,1000,1200,3800,6400,6500,6500,6500
GET,/auth/find-friends/,1006,0,170,282.42942345924456,17,8277,1974.0,0.8175127520976213,0.0,170,220,260,290,390,520,1100,4700,7300,8300,8300
GET,/auth/login/,1,0,359,359.0,359,359,2961.0,0.0008126369305145341,0.0,360,360,360,360,360,360,360,360,360,360,360
POST,/auth/login/,110,0,560,1332.7181818181818,112,9645,10158.145454545454,0.08939006235659874,0.0,560,750,1000,1200,4800,6900,7200,7300,9600,9600,9600
GET,/auth/logout/,110,0,150,272.5272727272727,16,5709,1712.0,0.08939006235659874,0.0,150,200,260,320,360,440,1200,3500,5700,5700,5700
POST,/auth/modify-friend/,503,0,160,212.51093439363817,16,4661,1713.0,0.40875637604881065,0.0,160,210,250,280,340,470,610,860,4700,4700,4700
GET,/public/,503,0,230,382.79522862823063,45,11247,10211.308151093439,0.40875637604881065,0.0,230,300,340,370,460,640,2600,4300,11000,11000,11000
,Aggregated,3063,0,200,362.9200130590924,16,11247,5801.745674175645,2.489106918166018,0.0,200,270,320,360,510,720,3100,5000,8300,11000,11000
