Type,Name,Request Count,Failure Count,Median Response Time,Average Response Time,Min Response Time,Max Response Time,Average Content Size,Requests/s,Failures/s,50%,66%,75%,80%,90%,95%,98%,99%,99.9%,99.99%,100%
GET,/,820,0,210,359.6329268292683,29,8127,10121.853658536585,0.665150456798713,0.0,210,260,310,350,460,610,2800,5100,8100,8100,8100
POST,/,115,0,390,625.1304347826087,90,6418,10343.747826086956,0.09328329577055121,0.0,390,500,600,660,1000,1400,4300,5900,6400,6400,6400
GET,/auth/find-friends/,1166,0,150,249.1337907375643,19,11683,1974.0,0.9458115032040235,0.0,150,200,240,280,370,510,890,3200,8600,12000,12000
GET,/auth/login/,1,0,52,52.0,52,52,2961.0,0.000811159093656967,0.0,52,52,52,52,52,52,52,52,52,52,52
POST,/auth/login/,106,0,440,929.3490566037735,85,8757,10146.933962264151,0.0859828639276385,0.0,460,530,620,720,2500,4300,5800,6500,8800,8800,8800
GET,/auth/logout/,106,0,120,287.0,16,8302,1712.0,0.0859828639276385,0.0,130,190,230,270,360,550,670,4300,8300,8300,8300
POST,/auth/modify-friend/,583,0,140,258.50600343053173,16,7045,1713.0,0.47290575160201176,0.0,140,200,230,270,370,460,780,5700,7000,7000,7000
GET,/public/,583,0,210,307.4271012006861,42,6699,10211.866209262436,0.47290575160201176,0.0,210,260,310,350,450,530,890,4700,6700,6700,6700
,Aggregated,3480,0,190,320.7479885057471,16,11683,5748.086206896552,2.822833645926245,0.0,190,240,300,330,460,610,2300,4900,8300,12000,12000
