Type,Name,Request Count,Failure Count,Median Response Time,Average Response Time,Min Response Time,Max Response Time,Average Content Size,Requests/s,Failures/s,50%,66%,75%,80%,90%,95%,98%,99%,99.9%,99.99%,100%
GET,/,617,0,260,430.5931928687196,35,13682,10119.298217179903,0.5016599257494971,0.0,260,320,360,400,520,740,3500,5300,14000,14000,14000
POST,/,93,0,540,791.3655913978495,205,8990,10395.752688172042,0.07561486725235533,0.0,540,680,770,830,1100,1700,4200,9000,9000,9000,9000
GET,/auth/find-friends/,952,0,200,275.7468487394958,17,5781,1974.0,0.7740360604757234,0.0,200,250,290,320,410,580,860,3100,5800,5800,5800
GET,/auth/login/,1,0,675,675.0,675,675,2961.0,0.0008130630887350035,0.0,680,680,680,680,680,680,680,680,680,680,680
POST,/auth/login/,92,0,750,1597.0217391304348,155,9239,10309.630434782608,0.07480180416362033,0.0,750,920,1300,1500,4900,7000,7700,9200,9200,9200,9200
GET,/auth/logout/,92,0,190,265.07608695652175,17,6104,1712.0,0.07480180416362033,0.0,190,220,250,270,400,480,650,6100,6100,6100,6100
POST,/auth/modify-friend/,476,0,200,297.53361344537814,18,6476,1713.0,0.3870180302378617,0.0,200,240,290,310,410,550,860,4900,6500,6500,6500
GET,/public/,476,0,280,450.01680672268907,72,8509,10216.90756302521,0.3870180302378617,0.0,280,330,390,420,540,680,4100,7000,8500,8500,8500
,Aggregated,2799,0,230,403.5748481600572,17,13682,5672.471239728475,2.275763585369275,0.0,230,300,360,400,560,810,3600,5300,9000,14000,14000
