Type,Name,Request Count,Failure Count,Median Response Time,Average Response Time,Min Response Time,Max Response Time,Average Content Size,Requests/s,Failures/s,50%,66%,75%,80%,90%,95%,98%,99%,99.9%,99.99%,100%
GET,/,867,0,190,313.58708189158017,24,9571,10262.230680507497,0.7016396988117605,0.0,190,240,290,310,410,510,1600,5000,9600,9600,9600
POST,/,129,0,380,521.953488372093,73,6024,10236.093023255815,0.10439621816230348,0.0,380,470,530,600,740,920,4400,5400,6000,6000,6000
GET,/auth/find-friends/,1184,0,130,242.08952702702703,16,7507,1974.0,0.9581792426679636,0.0,140,190,220,250,320,470,850,4500,6300,7500,7500
GET,/auth/login/,1,0,38,38.0,38,38,2961.0,0.0008092730090101044,0.0,38,38,38,38,38,38,38,38,38,38,38
POST,/auth/login/,131,0,460,973.5038167938932,62,9050,10364.221374045801,0.10601476418032368,0.0,460,580,660,780,2200,5500,7700,7800,9000,9000,9000
GET,/auth/logout/,130,0,110,143.8,13,664,1712.0,0.10520549117131357,0.0,120,150,190,220,300,330,470,640,660,660,660
POST,/auth/modify-friend/,592,0,130,223.875,16,13394,1713.0,0.4790896213339818,0.0,130,180,210,230,300,420,550,2400,13000,13000,13000
GET,/public/,593,0,200,318.97301854974705,42,8114,10160.554806070826,0.47989889434299193,0.0,200,240,290,320,430,560,2900,4300,8100,8100,8100
,Aggregated,3627,0,170,301.56934105321204,13,13394,5838.865453542873,2.935233203679649,0.0,170,220,270,300,430,590,1900,4900,8800,13000,13000
