Type,Name,Request Count,Failure Count,Median Response Time,Average Response Time,Min Response Time,Max Response Time,Average Content Size,Requests/s,Failures/s,50%,66%,75%,80%,90%,95%,98%,99%,99.9%,99.99%,100%
GET,/,1006,0,100,193.98807157057655,35,7448,10317.56560636183,1.1508395817860018,0.0,100,130,160,190,310,420,630,3100,6000,7400,7400
POST,/,132,0,200,257.3333333333333,103,1147,10376.992424242424,0.15100479601963443,0.0,200,280,320,340,460,550,610,1100,1100,1100,1100
GET,/auth/find-friends/,1432,0,50,126.26117318435755,20,7238,1974.0,1.6381732416675492,0.0,50,77,100,120,220,320,530,1600,6900,7200,7200
GET,/auth/login/,1,0,47,47.0,47,47,2961.0,0.0011439757274214729,0.0,47,47,47,47,47,47,47,47,47,47,47
POST,/auth/login/,167,0,130,248.85029940119762,63,1993,10214.221556886228,0.19104394647938597,0.0,130,180,250,310,530,910,1300,2000,2000,2000,2000
GET,/auth/logout/,167,0,16,71.73053892215569,7,2130,1712.0,0.19104394647938597,0.0,16,52,78,92,200,240,310,560,2100,2100,2100
POST,/auth/modify-friend/,716,0,58,104.27513966480447,24,3376,1713.0,0.8190866208337746,0.0,59,86,110,130,200,290,440,710,3400,3400,3400
GET,/public/,716,0,100,210.1731843575419,45,7684,10210.251396648046,0.8190866208337746,0.0,100,140,170,200,280,420,740,4000,7700,7700,7700
,Aggregated,4337,0,81,158.78602720774728,7,7684,5789.183767581278,4.961422729826928,0.0,81,110,140,170,270,390,600,1800,6700,7700,7700
