Type,Name,Request Count,Failure Count,Median Response Time,Average Response Time,Min Response Time,Max Response Time,Average Content Size,Requests/s,Failures/s,50%,66%,75%,80%,90%,95%,98%,99%,99.9%,99.99%,100%
GET,/,1148,0,150,161.96080139372822,57,5478,10337.67857142857,1.3106564958100186,0.0,150,160,180,200,230,290,350,380,690,5500,5500
POST,/,161,0,380,386.472049689441,83,1002,10460.024844720498,0.18381158172945383,0.0,380,430,490,510,560,610,690,710,1000,1000,1000
GET,/auth/find-friends/,1755,0,72,85.28262108262108,39,2060,1974.0,2.003660409535351,0.0,72,82,96,100,130,180,230,320,640,2100,2100
GET,/auth/login/,1,0,36,36.0,36,36,2961.0,0.001141686843040086,0.0,36,36,36,36,36,36,36,36,36,36,36
POST,/auth/login/,179,0,200,212.78212290502793,104,614,10186.469273743016,0.2043619449041754,0.0,200,220,250,260,320,400,410,610,610,610,610
GET,/auth/logout/,178,0,14,34.758426966292134,8,231,1712.0,0.2032202580611353,0.0,14,20,37,52,100,150,150,220,230,230,230
POST,/auth/modify-friend/,877,0,99,106.11744583808438,53,551,1713.0,1.0012593613461553,0.0,99,110,130,140,160,210,260,320,550,550,550
GET,/public/,878,0,150,158.14123006833714,78,785,10168.438496583143,1.0024010481891954,0.0,150,160,180,200,240,300,380,460,780,780,780
,Aggregated,5177,0,100,130.20050222136373,8,5478,5713.222715858606,5.910512786418526,0.0,100,140,160,170,220,300,400,500,700,5500,5500
