Type,Name,Request Count,Failure Count,Median Response Time,Average Response Time,Min Response Time,Max Response Time,Average Content Size,Requests/s,Failures/s,50%,66%,75%,80%,90%,95%,98%,99%,99.9%,99.99%,100%
GET,/,285,0,450,694.6035087719298,165,15609,10005.838596491229,0.26823423465078056,0.0,450,560,660,730,960,1600,3400,6800,16000,16000,16000
POST,/,42,0,840,1475.8809523809523,284,11291,9945.452380952382,0.039529255632746604,0.0,920,1100,1200,1300,2300,4700,11000,11000,11000,11000,11000
GET,/auth/find-friends/,407,0,410,790.7420147420147,97,17383,1974.0,0.3830573105363778,0.0,410,490,590,660,950,2100,7000,12000,17000,17000,17000
GET,/auth/login/,1,0,164,164.0,164,164,2961.0,0.0009411727531606335,0.0,160,160,160,160,160,160,160,160,160,160,160
POST,/auth/login/,30,0,1400,2599.6,475,15941,10134.333333333334,0.028235182594819004,0.0,1500,1900,2400,3000,7400,9000,16000,16000,16000,16000,16000
GET,/auth/logout/,29,0,420,669.1724137931035,213,6302,1712.0,0.027294009841658372,0.0,420,500,630,710,860,990,6300,6300,6300,6300,6300
POST,/auth/modify-friend/,203,0,400,865.1576354679803,95,14423,1713.0,0.1910580688916086,0.0,400,530,700,740,950,3700,8100,10000,14000,14000,14000
GET,/public/,204,0,470,854.4019607843137,117,16842,10233.098039215687,0.19199924164476923,0.0,470,580,720,820,1200,1700,6400,9000,17000,17000,17000
,Aggregated,1201,0,440,857.0058284762698,95,17383,5715.837635303913,1.1303484765459209,0.0,440,570,700,790,1200,2400,7000,11000,17000,17000,17000
