Type,Name,Request Count,Failure Count,Median Response Time,Average Response Time,Min Response Time,Max Response Time,Average Content Size,Requests/s,Failures/s,50%,66%,75%,80%,90%,95%,98%,99%,99.9%,99.99%,100%
GET,/,366,0,350,641.5601092896175,67,15387,9902.401639344262,0.3423181690189877,0.0,350,420,500,580,870,1300,3700,10000,15000,15000,15000
POST,/,50,0,780,1592.56,228,13589,9728.1,0.0467647771883863,0.0,900,1100,1400,1500,4500,7600,14000,14000,14000,14000,14000
GET,/auth/find-friends/,488,0,290,494.3094262295082,50,16097,1974.0,0.4564242253586503,0.0,290,380,430,470,680,1000,3300,6400,16000,16000,16000
GET,/auth/login/,1,0,95,95.0,95,95,2961.0,0.000935295543767726,0.0,95,95,95,95,95,95,95,95,95,95,95
POST,/auth/login/,59,0,850,1899.1694915254238,278,20150,9850.627118644068,0.05518243708229584,0.0,850,1100,1500,1700,3800,11000,14000,20000,20000,20000,20000
GET,/auth/logout/,58,0,270,330.63793103448273,52,915,1712.0,0.05424714153852811,0.0,270,340,410,470,630,780,870,920,920,920,920
POST,/auth/modify-friend/,244,0,270,648.4426229508197,36,13340,1713.0,0.22821211267932515,0.0,270,360,440,480,680,1100,11000,12000,13000,13000,13000
GET,/public/,244,0,350,659.7950819672132,98,10502,10186.536885245901,0.22821211267932515,0.0,350,460,560,610,880,1700,6400,8000,11000,11000,11000
,Aggregated,1510,0,330,666.3543046357615,36,20150,5735.713245033113,1.4122962710892664,0.0,330,430,520,600,910,1600,5400,10000,16000,20000,20000
