Type,Name,Request Count,Failure Count,Median Response Time,Average Response Time,Min Response Time,Max Response Time,Average Content Size,Requests/s,Failures/s,50%,66%,75%,80%,90%,95%,98%,99%,99.9%,99.99%,100%
GET,/,464,0,280,502.0538793103448,68,16218,10108.581896551725,0.43395141070037085,0.0,280,360,430,480,710,980,3000,4200,16000,16000,16000
POST,/,55,0,540,654.6909090909091,180,4015,9926.563636363637,0.051438206009742235,0.0,540,640,740,900,1100,1300,1300,4000,4000,4000,4000
GET,/auth/find-friends/,605,0,220,426.7917355371901,27,13230,1974.0,0.5658202661071645,0.0,220,290,350,390,510,690,3700,6600,13000,13000,13000
GET,/auth/login/,1,0,51,51.0,51,51,2961.0,0.0009352401092680406,0.0,51,51,51,51,51,51,51,51,51,51,51
POST,/auth/login/,75,0,750,1755.3333333333333,157,19269,10158.6,0.07014300819510304,0.0,750,1000,1200,1300,3800,9600,12000,19000,19000,19000,19000
GET,/auth/logout/,74,0,210,530.0,60,13716,1712.0,0.06920776808583501,0.0,210,270,340,390,580,680,7100,14000,14000,14000,14000
POST,/auth/modify-friend/,302,0,200,342.817880794702,38,9004,1713.0,0.28244251299894824,0.0,200,270,320,370,500,620,1900,4900,9000,9000,9000
GET,/public/,303,0,270,618.5412541254126,56,15585,10131.432343234323,0.2833777531082163,0.0,270,340,420,460,680,1200,6600,11000,16000,16000,16000
,Aggregated,1879,0,250,526.3650878126663,27,19269,5805.911122937733,1.7573161653146483,0.0,250,340,410,470,670,1100,4200,8800,16000,19000,19000
