Type,Name,Request Count,Failure Count,Median Response Time,Average Response Time,Min Response Time,Max Response Time,Average Content Size,Requests/s,Failures/s,50%,66%,75%,80%,90%,95%,98%,99%,99.9%,99.99%,100%
GET,/,371,0,370,670.5956873315364,50,16164,10123.134770889488,0.34743794341631984,0.0,370,460,540,610,830,1100,5500,12000,16000,16000,16000
POST,/,45,0,680,1250.9333333333334,121,11713,10093.222222222223,0.042142068608448505,0.0,680,1000,1100,1300,2100,3400,12000,12000,12000,12000,12000
GET,/auth/find-friends/,529,0,280,538.3629489603024,30,14175,1974.0,0.49540342875265014,0.0,280,360,450,520,700,1200,2900,9100,14000,14000,14000
GET,/auth/login/,1,0,123,123.0,123,123,2961.0,0.0009364904135210778,0.0,120,120,120,120,120,120,120,120,120,120,120
POST,/auth/login/,50,0,1100,2207.66,588,9162,10222.22,0.04682452067605389,0.0,1100,2300,2700,3200,5800,8500,9200,9200,9200,9200,9200
GET,/auth/logout/,49,0,240,380.8775510204082,93,4226,1712.0,0.04588803026253281,0.0,240,340,380,410,570,620,4200,4200,4200,4200,4200
POST,/auth/modify-friend/,264,0,270,382.2121212121212,40,10000,1713.0,0.24723346916956454,0.0,270,340,400,440,570,840,1300,2100,10000,10000,10000
GET,/public/,265,0,350,730.8037735849057,70,13775,10160.649056603774,0.24816995958308563,0.0,350,460,540,600,1000,2800,6200,9300,14000,14000,14000
,Aggregated,1574,0,320,643.9726810673443,30,16164,5715.9390088945365,1.4740359108821766,0.0,320,430,530,590,900,1700,5600,9200,14000,16000,16000
