Type,Name,Request Count,Failure Count,Median Response Time,Average Response Time,Min Response Time,Max Response Time,Average Content Size,Requests/s,Failures/s,50%,66%,75%,80%,90%,95%,98%,99%,99.9%,99.99%,100%
GET,/,546,0,210,397.2728937728938,42,20663,9949.639194139194,0.511844006790681,0.0,220,270,330,370,540,800,2300,4100,21000,21000,21000
POST,/,71,0,460,657.4366197183099,130,4393,10244.605633802817,0.06655846974750614,0.0,460,580,760,820,1300,1600,4200,4400,4400,4400,4400
GET,/auth/find-friends/,786,0,160,336.80788804071244,18,15736,1974.0,0.7368303834019693,0.0,160,210,250,280,410,600,2100,5400,16000,16000,16000
GET,/auth/login/,1,0,592,592.0,592,592,2961.0,0.0009374432358803681,0.0,590,590,590,590,590,590,590,590,590,590,590
POST,/auth/login/,77,0,750,2107.87012987013,85,14137,10054.532467532468,0.07218312916278834,0.0,750,1100,1600,2600,6900,10000,13000,14000,14000,14000,14000
GET,/auth/logout/,76,0,160,221.47368421052633,26,956,1712.0,0.07124568592690797,0.0,170,210,260,290,470,700,950,960,960,960,960
POST,/auth/modify-friend/,393,0,150,303.8600508905852,19,14228,1713.0,0.36841519170098463,0.0,150,190,240,270,340,440,760,7200,14000,14000,14000
GET,/public/,393,0,220,395.5979643765903,65,9698,10218.496183206107,0.36841519170098463,0.0,220,280,340,370,500,690,2700,8100,9700,9700,9700
,Aggregated,2343,0,190,419.52069995731966,18,20663,5679.805377720871,2.1964295016677022,0.0,190,250,310,350,540,850,3400,7400,14000,21000,21000
