Type,Name,Request Count,Failure Count,Median Response Time,Average Response Time,Min Response Time,Max Response Time,Average Content Size,Requests/s,Failures/s,50%,66%,75%,80%,90%,95%,98%,99%,99.9%,99.99%,100%
GET,/,266,0,430,724.2894736842105,154,15860,9692.443609022557,0.2510935822437085,0.0,430,530,630,700,980,1400,4600,8000,16000,16000,16000
POST,/,48,0,970,1855.2291666666667,395,10571,9490.5625,0.04531012010412784,0.0,1000,1200,1600,1800,5300,5900,11000,11000,11000,11000,11000
GET,/auth/find-friends/,366,0,430,741.9153005464481,91,16954,1974.0,0.34548966579397483,0.0,430,540,620,680,930,1200,4400,11000,17000,17000,17000
GET,/auth/login/,1,0,2949,2949.0,2949,2949,2961.0,0.0009439608355026635,0.0,2900,2900,2900,2900,2900,2900,2900,2900,2900,2900,2900
POST,/auth/login/,41,0,1600,3412.878048780488,565,16417,9568.19512195122,0.0387023942556092,0.0,1600,2100,3300,4400,9500,14000,16000,16000,16000,16000,16000
GET,/auth/logout/,41,0,430,822.2926829268292,178,13443,1712.0,0.0387023942556092,0.0,430,470,520,570,1000,1300,13000,13000,13000,13000,13000
POST,/auth/modify-friend/,183,0,430,762.3770491803278,98,10378,1713.0,0.17274483289698742,0.0,430,530,680,810,1100,2100,5800,10000,10000,10000,10000
GET,/public/,183,0,470,776.5901639344262,198,10680,10206.420765027322,0.17274483289698742,0.0,470,580,660,750,940,1600,6000,7300,11000,11000,11000
,Aggregated,1129,0,460,895.903454384411,91,16954,5671.323294951284,1.065731783282507,0.0,460,600,720,830,1200,2800,7300,11000,17000,17000,17000
