Type,Name,Request Count,Failure Count,Median Response Time,Average Response Time,Min Response Time,Max Response Time,Average Content Size,Requests/s,Failures/s,50%,66%,75%,80%,90%,95%,98%,99%,99.9%,99.99%,100%
GET,/,380,0,290,551.3868421052632,57,19010,10023.786842105263,0.35548461703654044,0.0,290,390,460,540,740,1000,3500,6600,19000,19000,19000
POST,/,57,0,830,1550.3333333333333,240,11209,10144.877192982456,0.05332269255548106,0.0,830,1300,1400,1900,4400,6700,9600,11000,11000,11000,11000
GET,/auth/find-friends/,548,0,250,509.88321167883214,43,21044,1974.0,0.5126462372000635,0.0,250,330,410,440,610,860,3400,7600,21000,21000,21000
GET,/auth/login/,1,0,59,59.0,59,59,2961.0,0.0009354858343066854,0.0,59,59,59,59,59,59,59,59,59,59,59
POST,/auth/login/,53,0,780,2080.2075471698113,122,15921,10030.566037735849,0.049580749218254325,0.0,780,1000,1500,1700,5600,10000,13000,16000,16000,16000,16000
GET,/auth/logout/,52,0,260,320.86538461538464,33,824,1712.0,0.04864526338394764,0.0,280,360,460,470,550,680,780,820,820,820,820
POST,/auth/modify-friend/,274,0,240,403.81021897810217,44,10844,1713.0,0.25632311860003176,0.0,240,310,360,420,530,750,2800,6400,11000,11000,11000
GET,/public/,275,0,330,713.9018181818182,64,18137,10165.82909090909,0.25725860443433846,0.0,330,460,520,580,880,2400,6600,12000,18000,18000,18000
,Aggregated,1640,0,290,616.630487804878,33,21044,5705.865243902439,1.534196768262964,0.0,290,390,470,540,810,1500,5200,10000,19000,21000,21000
