Type,Name,Request Count,Failure Count,Median Response Time,Average Response Time,Min Response Time,Max Response Time,Average Content Size,Requests/s,Failures/s,50%,66%,75%,80%,90%,95%,98%,99%,99.9%,99.99%,100%
GET,/,361,0,360,723.8171745152355,88,18998,10032.052631578947,0.33824616009154207,0.0,360,480,560,630,820,1600,5900,11000,19000,19000,19000
POST,/,46,0,750,1081.5217391304348,300,8211,10103.434782608696,0.04310061873742642,0.0,750,1000,1100,1200,1700,2600,8200,8200,8200,8200,8200
GET,/auth/find-friends/,470,0,290,629.8170212765957,51,17933,1974.0,0.44037588709979164,0.0,300,370,470,560,800,1400,4800,10000,18000,18000,18000
GET,/auth/login/,1,0,106,106.0,106,106,2961.0,0.0009369699725527481,0.0,110,110,110,110,110,110,110,110,110,110,110
POST,/auth/login/,48,0,930,2379.4583333333335,136,14003,10029.166666666666,0.04497455868253191,0.0,980,1200,2700,3800,7400,11000,14000,14000,14000,14000,14000
GET,/auth/logout/,47,0,330,716.3404255319149,59,15500,1712.0,0.04403758870997917,0.0,330,370,500,530,670,1100,16000,16000,16000,16000,16000
POST,/auth/modify-friend/,235,0,300,461.3191489361702,37,9565,1713.0,0.22018794354989582,0.0,300,370,430,480,670,950,3500,5000,9600,9600,9600
GET,/public/,235,0,360,625.3106382978723,71,14103,10144.587234042554,0.22018794354989582,0.0,360,430,490,560,820,1100,4700,9700,14000,14000,14000
,Aggregated,1443,0,340,700.2134442134442,37,18998,5797.274428274428,1.3520476703936157,0.0,340,440,540,630,930,1700,5900,10000,18000,19000,19000
