Type,Name,Request Count,Failure Count,Median Response Time,Average Response Time,Min Response Time,Max Response Time,Average Content Size,Requests/s,Failures/s,50%,66%,75%,80%,90%,95%,98%,99%,99.9%,99.99%,100%
GET,/,372,0,360,619.0349462365591,77,12381,10022.922043010753,0.3505696716681104,0.0,370,470,570,620,860,1400,3100,9600,12000,12000,12000
POST,/,49,0,690,1382.530612244898,292,13403,9857.367346938776,0.046177187934777986,0.0,690,1000,1100,1300,2300,4400,13000,13000,13000,13000,13000
GET,/auth/find-friends/,480,0,290,608.0020833333333,44,15643,1974.0,0.4523479634427231,0.0,290,370,470,550,810,1400,5800,9400,16000,16000,16000
GET,/auth/login/,1,0,519,519.0,519,519,2961.0,0.0009423915905056732,0.0,520,520,520,520,520,520,520,520,520,520,520
POST,/auth/login/,45,0,1100,1846.2444444444445,465,13124,9740.022222222222,0.042407621572755294,0.0,1100,1300,1900,2600,3500,4000,13000,13000,13000,13000,13000
GET,/auth/logout/,44,0,310,564.7954545454545,135,6572,1712.0,0.04146522998224962,0.0,320,380,540,570,740,1300,6600,6600,6600,6600,6600
POST,/auth/modify-friend/,240,0,280,686.3958333333334,59,14254,1713.0,0.22617398172136155,0.0,280,380,440,500,890,2600,8300,13000,14000,14000,14000
GET,/public/,240,0,340,601.675,106,13835,10209.833333333334,0.22617398172136155,0.0,350,440,550,630,810,1200,5200,5600,14000,14000,14000
,Aggregated,1471,0,340,684.8769544527532,44,15643,5803.622025832767,1.3862580296338451,0.0,340,450,570,640,960,2000,5600,9600,14000,16000,16000
