Type,Name,Request Count,Failure Count,Median Response Time,Average Response Time,Min Response Time,Max Response Time,Average Content Size,Requests/s,Failures/s,50%,66%,75%,80%,90%,95%,98%,99%,99.9%,99.99%,100%
GET,/,425,0,300,571.7317647058824,48,14564,9962.595294117647,0.40009668519015856,0.0,300,380,460,530,850,1200,4700,7500,15000,15000,15000
POST,/,64,0,580,1132.84375,151,9228,10225.5625,0.06024985376981211,0.0,580,820,1100,1100,2100,4000,8600,9200,9200,9200,9200
GET,/auth/find-friends/,521,0,230,503.45681381957775,16,16597,1974.0,0.4904714658448767,0.0,230,310,390,450,640,1100,3500,10000,17000,17000,17000
GET,/auth/login/,1,0,375,375.0,375,375,2961.0,0.0009414039651533142,0.0,380,380,380,380,380,380,380,380,380,380,380
POST,/auth/login/,71,0,770,1634.943661971831,101,20290,9724.87323943662,0.0668396815258853,0.0,770,1000,1200,1400,2600,5600,15000,20000,20000,20000,20000
GET,/auth/logout/,70,0,250,647.4,16,11019,1712.0,0.065898277560732,0.0,260,350,410,480,910,2400,7700,11000,11000,11000,11000
POST,/auth/modify-friend/,260,0,210,444.85,37,20483,1713.0,0.2447650309398617,0.0,210,280,350,410,550,780,3300,8400,20000,20000,20000
GET,/public/,261,0,260,485.03065134099614,51,15751,10234.038314176245,0.245706434905015,0.0,260,320,390,450,680,920,1400,7600,16000,16000,16000
,Aggregated,1673,0,270,586.8601315002988,16,20483,5885.668858338315,1.5749688337014947,0.0,270,370,460,530,840,1300,5200,8600,20000,20000,20000
