Type,Name,Request Count,Failure Count,Median Response Time,Average Response Time,Min Response Time,Max Response Time,Average Content Size,Requests/s,Failures/s,50%,66%,75%,80%,90%,95%,98%,99%,99.9%,99.99%,100%
GET,/,495,0,250,443.7676767676768,51,15500,10174.19393939394,0.4656318260946804,0.0,250,320,390,440,600,810,4000,4800,16000,16000,16000
POST,/,64,0,530,1098.6875,188,12771,10454.21875,0.06020290276779706,0.0,530,650,830,890,1400,3200,10000,13000,13000,13000,13000
GET,/auth/find-friends/,682,0,210,456.791788856305,22,17962,1974.0,0.6415371826193375,0.0,210,280,340,380,560,900,3800,7700,18000,18000,18000
GET,/auth/login/,1,0,216,216.0,216,216,2961.0,0.000940670355746829,0.0,220,220,220,220,220,220,220,220,220,220,220
POST,/auth/login/,52,0,700,1618.4423076923076,266,13106,9959.942307692309,0.04891485849883511,0.0,710,1000,1400,1700,3500,6000,11000,13000,13000,13000,13000
GET,/auth/logout/,52,0,170,676.25,44,11874,1712.0,0.04891485849883511,0.0,180,270,310,320,460,4200,9300,12000,12000,12000,12000
POST,/auth/modify-friend/,341,0,200,409.25219941348973,35,13579,1713.0,0.3207685913096687,0.0,200,260,300,340,460,660,2400,7300,14000,14000,14000
GET,/public/,341,0,260,424.3284457478006,50,15707,10208.6568914956,0.3207685913096687,0.0,260,330,380,430,580,720,1100,5500,16000,16000,16000
,Aggregated,2028,0,240,495.7120315581854,22,17962,5782.421597633136,1.9076794814545692,0.0,240,320,380,440,640,970,4200,7700,16000,18000,18000
