Type,Name,Request Count,Failure Count,Median Response Time,Average Response Time,Min Response Time,Max Response Time,Average Content Size,Requests/s,Failures/s,50%,66%,75%,80%,90%,95%,98%,99%,99.9%,99.99%,100%
GET,/,522,0,240,377.67816091954023,23,15939,9968.17816091954,0.48799384079664704,0.0,240,300,360,390,530,680,1400,2300,16000,16000,16000
POST,/,70,0,480,829.6571428571428,139,9139,10274.528571428571,0.06543978708001014,0.0,480,600,710,810,1100,1600,7300,9100,9100,9100,9100
GET,/auth/find-friends/,698,0,190,372.5916905444126,21,20126,1974.0,0.6525281625978154,0.0,190,240,290,330,460,620,1400,4900,20000,20000,20000
GET,/auth/login/,1,0,47,47.0,47,47,2961.0,0.000934854101143002,0.0,47,47,47,47,47,47,47,47,47,47,47
POST,/auth/login/,68,0,740,1692.4411764705883,191,13221,10001.79411764706,0.06357007887772413,0.0,740,1100,1500,1600,3900,6900,12000,13000,13000,13000,13000
GET,/auth/logout/,68,0,160,334.13235294117646,34,8333,1712.0,0.06357007887772413,0.0,170,220,260,280,440,530,770,8300,8300,8300,8300
POST,/auth/modify-friend/,349,0,180,371.1977077363897,25,10228,1713.0,0.3262640812989077,0.0,180,240,280,320,520,820,4300,5700,10000,10000,10000
GET,/public/,350,0,240,609.0171428571429,28,21489,10121.971428571429,0.3271989354000507,0.0,240,300,360,390,600,1000,7000,8000,21000,21000,21000
,Aggregated,2126,0,220,468.4153339604892,21,21489,5757.518344308561,1.9874998190300222,0.0,220,290,350,400,600,910,4000,7100,16000,21000,21000
