Type,Name,Request Count,Failure Count,Median Response Time,Average Response Time,Min Response Time,Max Response Time,Average Content Size,Requests/s,Failures/s,50%,66%,75%,80%,90%,95%,98%,99%,99.9%,99.99%,100%
GET,/,460,0,260,542.9869565217391,44,13956,10104.186956521738,0.4306695441460735,0.0,270,340,400,450,620,990,4500,10000,14000,14000,14000
POST,/,48,0,630,1453.2291666666667,105,14112,10165.104166666666,0.04493943069350332,0.0,640,800,910,940,2100,10000,14000,14000,14000,14000,14000
GET,/auth/find-friends/,700,0,210,353.2557142857143,30,12137,1974.0,0.6553666976135901,0.0,210,280,330,360,500,690,2700,4600,12000,12000,12000
GET,/auth/login/,1,0,166,166.0,166,166,2961.0,0.0009362381394479859,0.0,170,170,170,170,170,170,170,170,170,170,170
POST,/auth/login/,65,0,570,1303.6307692307691,86,15233,10154.553846153845,0.060855479064119075,0.0,570,820,1000,1200,1900,7000,9700,15000,15000,15000,15000
GET,/auth/logout/,65,0,180,436.5230769230769,29,9145,1712.0,0.060855479064119075,0.0,180,300,370,410,540,710,4200,9100,9100,9100,9100
POST,/auth/modify-friend/,350,0,200,302.80571428571426,25,9433,1713.0,0.32768334880679506,0.0,200,270,310,340,460,620,820,2300,9400,9400,9400
GET,/public/,350,0,270,603.2285714285714,52,20711,10162.81142857143,0.32768334880679506,0.0,270,360,410,470,680,1200,7200,9100,21000,21000,21000
,Aggregated,2039,0,240,489.06130456105933,25,20711,5614.748406081412,1.9089895663344432,0.0,240,320,380,430,610,930,4000,8300,14000,21000,21000
