Type,Name,Request Count,Failure Count,Median Response Time,Average Response Time,Min Response Time,Max Response Time,Average Content Size,Requests/s,Failures/s,50%,66%,75%,80%,90%,95%,98%,99%,99.9%,99.99%,100%
GET,/,433,0,290,478.44110854503464,60,13075,10192.0,0.4053000835042636,0.0,290,360,420,470,630,890,3500,5200,13000,13000,13000
POST,/,64,0,530,929.53125,188,10479,10165.125,0.059905786014487,0.0,540,640,820,910,1500,1900,8500,10000,10000,10000,10000
GET,/auth/find-friends/,594,0,210,526.3350168350169,28,20817,1974.0,0.5560005764469574,0.0,210,280,340,390,560,860,5900,11000,21000,21000,21000
GET,/auth/login/,1,0,49,49.0,49,49,2961.0,0.0009360279064763593,0.0,49,49,49,49,49,49,49,49,49,49,49
POST,/auth/login/,74,0,730,1442.7162162162163,89,12863,10086.04054054054,0.0692660650792506,0.0,750,920,1300,1600,3100,7400,8700,13000,13000,13000,13000
GET,/auth/logout/,73,0,190,305.027397260274,24,6759,1712.0,0.06833003717277424,0.0,190,220,270,330,460,590,890,6800,6800,6800,6800
POST,/auth/modify-friend/,296,0,220,419.6587837837838,24,14753,1713.0,0.2770642603170024,0.0,220,280,340,380,530,660,2300,7700,15000,15000,15000
GET,/public/,297,0,290,528.3299663299663,51,19470,10191.245791245792,0.2780002882234787,0.0,290,350,420,490,730,1100,4000,6600,19000,19000,19000
,Aggregated,1832,0,260,540.1244541484716,24,20817,5810.268558951965,1.7148031246646904,0.0,260,340,420,490,690,1200,4200,8200,19000,21000,21000
