Type,Name,Request Count,Failure Count,Median Response Time,Average Response Time,Min Response Time,Max Response Time,Average Content Size,Requests/s,Failures/s,50%,66%,75%,80%,90%,95%,98%,99%,99.9%,99.99%,100%
GET,/,232,0,460,635.8103448275862,113,11624,9751.810344827587,0.21737989113936446,0.0,460,540,620,710,960,1400,3000,5600,12000,12000,12000
POST,/,30,0,740,1476.1,427,11773,9638.366666666667,0.028109468681814367,0.0,830,980,1100,1500,4300,5200,12000,12000,12000,12000,12000
GET,/auth/find-friends/,406,0,440,712.8522167487685,62,11359,1974.0,0.3804148094938878,0.0,440,560,660,700,940,1400,5000,8200,11000,11000,11000
GET,/auth/login/,1,0,488,488.0,488,488,2961.0,0.0009369822893938122,0.0,490,490,490,490,490,490,490,490,490,490,490
POST,/auth/login/,41,0,1100,2550.951219512195,267,17469,9536.80487804878,0.0384162738651463,0.0,1100,1500,1900,3700,7100,9300,17000,17000,17000,17000,17000
GET,/auth/logout/,40,0,390,845.6,128,13234,1712.0,0.03747929157575249,0.0,390,570,710,740,1200,2300,13000,13000,13000,13000,13000
POST,/auth/modify-friend/,203,0,430,929.6354679802955,94,19512,1713.0,0.1902074047469439,0.0,430,530,610,680,1200,2400,5800,18000,20000,20000,20000
GET,/public/,203,0,470,1056.2068965517242,86,17641,10218.078817733991,0.1902074047469439,0.0,470,620,730,780,1400,4300,8800,10000,18000,18000,18000
,Aggregated,1156,0,470,885.1522491349481,62,19512,5395.73875432526,1.083151526539247,0.0,470,580,690,770,1200,2600,7700,11000,19000,20000,20000
