Type,Name,Request Count,Failure Count,Median Response Time,Average Response Time,Min Response Time,Max Response Time,Average Content Size,Requests/s,Failures/s,50%,66%,75%,80%,90%,95%,98%,99%,99.9%,99.99%,100%
GET,/,550,0,220,478.7672727272727,40,16718,10042.685454545455,0.5142251865766474,0.0,220,290,330,370,530,820,3600,8200,17000,17000,17000
POST,/,70,0,440,1039.7428571428572,139,18190,9794.342857142858,0.06544684192793694,0.0,460,570,730,780,970,1400,18000,18000,18000,18000,18000
GET,/auth/find-friends/,726,0,180,323.4724517906336,18,14602,1974.0,0.6787772462811745,0.0,180,240,290,320,460,560,900,4400,15000,15000,15000
GET,/auth/login/,1,0,36,36.0,36,36,2961.0,0.0009349548846848135,0.0,36,36,36,36,36,36,36,36,36,36,36
POST,/auth/login/,69,0,650,1444.8985507246377,67,9827,10298.95652173913,0.06451188704325213,0.0,650,840,1100,2200,4500,6100,7800,9800,9800,9800,9800
GET,/auth/logout/,68,0,150,169.9264705882353,21,450,1712.0,0.06357693215856731,0.0,160,200,230,240,300,340,360,450,450,450,450
POST,/auth/modify-friend/,362,0,170,377.11049723756906,19,13216,1713.0,0.33845366825590245,0.0,170,230,270,300,420,720,3700,5700,13000,13000,13000
GET,/public/,364,0,240,481.93131868131866,35,21972,10121.464285714286,0.3403235780252721,0.0,240,310,360,380,550,980,3300,5700,22000,22000,22000
,Aggregated,2210,0,210,449.85113122171947,18,21972,5781.23484162896,2.066250295153438,0.0,210,280,330,370,550,840,3600,6900,18000,22000,22000
