Type,Name,Request Count,Failure Count,Median Response Time,Average Response Time,Min Response Time,Max Response Time,Average Content Size,Requests/s,Failures/s,50%,66%,75%,80%,90%,95%,98%,99%,99.9%,99.99%,100%
GET,/,497,0,220,428.14285714285717,31,12859,10047.57142857143,0.4720455348460155,0.0,220,270,320,360,480,690,4700,8100,13000,13000,13000
POST,/,68,0,430,794.1176470588235,56,11195,9868.29411764706,0.06458570698094378,0.0,440,500,620,710,980,1500,9200,11000,11000,11000,11000
GET,/auth/find-friends/,766,0,180,288.1436031331593,25,13345,1974.0,0.7275389933441607,0.0,180,240,280,320,430,570,820,3300,13000,13000,13000
GET,/auth/login/,1,0,106,106.0,106,106,2961.0,0.0009497898085432907,0.0,110,110,110,110,110,110,110,110,110,110,110
POST,/auth/login/,72,0,580,1514.8472222222222,98,20293,10033.722222222223,0.06838486621511693,0.0,580,740,1200,1400,4600,5200,9600,20000,20000,20000,20000
GET,/auth/logout/,71,0,170,427.84507042253523,18,13685,1712.0,0.06743507640657365,0.0,170,220,270,280,310,540,2800,14000,14000,14000,14000
POST,/auth/modify-friend/,382,0,170,381.4685863874345,24,14247,1713.0,0.36281970686353704,0.0,170,220,250,290,420,620,2300,8400,14000,14000,14000
GET,/public/,383,0,240,510.0208877284595,70,15647,10221.986945169712,0.36376949667208036,0.0,240,300,370,410,560,1000,3400,9900,16000,16000,16000
,Aggregated,2240,0,210,432.19464285714287,18,20293,5621.919196428571,2.1275291711369713,0.0,210,270,330,370,520,760,3400,7700,15000,20000,20000
