Type,Name,Request Count,Failure Count,Median Response Time,Average Response Time,Min Response Time,Max Response Time,Average Content Size,Requests/s,Failures/s,50%,66%,75%,80%,90%,95%,98%,99%,99.9%,99.99%,100%
GET,/,410,0,320,653.6975609756098,72,19792,10210.29512195122,0.38421228940978147,0.0,320,400,500,580,820,1200,5900,8400,20000,20000,20000
POST,/,63,0,650,874.3968253968254,227,3189,10373.888888888889,0.05903749812882008,0.0,650,890,1100,1200,1700,2300,2800,3200,3200,3200,3200
GET,/auth/find-friends/,546,0,260,583.4322344322344,21,14842,1974.0,0.5116583171164407,0.0,260,340,400,430,620,1100,5600,11000,15000,15000,15000
GET,/auth/login/,1,0,88,88.0,88,88,2961.0,0.0009371031449019061,0.0,88,88,88,88,88,88,88,88,88,88,88
POST,/auth/login/,52,0,990,1939.0192307692307,97,17025,10095.653846153846,0.048729363534899116,0.0,1100,1300,1600,1700,3900,7600,12000,17000,17000,17000,17000
GET,/auth/logout/,52,0,240,360.03846153846155,70,3098,1712.0,0.048729363534899116,0.0,240,300,430,530,680,780,820,3100,3100,3100,3100
POST,/auth/modify-friend/,273,0,270,416.8131868131868,35,5910,1713.0,0.25582915855822036,0.0,270,340,390,440,600,750,3500,4900,5900,5900,5900
GET,/public/,273,0,310,496.2161172161172,70,11053,10149.461538461539,0.25582915855822036,0.0,310,390,450,500,650,1000,2700,5700,11000,11000,11000
,Aggregated,1670,0,300,605.1215568862275,21,19792,5852.090419161676,1.5649622519861832,0.0,300,390,480,540,820,1400,4900,9600,17000,20000,20000
