Type,Name,Request Count,Failure Count,Median Response Time,Average Response Time,Min Response Time,Max Response Time,Average Content Size,Requests/s,Failures/s,50%,66%,75%,80%,90%,95%,98%,99%,99.9%,99.99%,100%
GET,/,271,0,440,786.4354243542435,151,14741,9761.870848708488,0.255501501198939,0.0,440,520,650,730,1000,2100,5500,10000,15000,15000,15000
POST,/,33,0,1000,1671.6666666666667,313,11212,9633.363636363636,0.03111272892828408,0.0,1000,1200,1400,1800,2600,7800,11000,11000,11000,11000,11000
GET,/auth/find-friends/,420,0,400,809.6357142857142,100,16538,1974.0,0.3959801863599792,0.0,400,490,590,650,860,2600,7200,13000,17000,17000,17000
GET,/auth/login/,1,0,392,392.0,392,392,2961.0,0.0009428099675237601,0.0,390,390,390,390,390,390,390,390,390,390,390
POST,/auth/login/,37,0,1700,2549.675675675676,762,9433,9890.72972972973,0.03488396879837912,0.0,1700,2000,2500,3200,5800,9300,9400,9400,9400,9400,9400
GET,/auth/logout/,36,0,410,670.1388888888889,179,8059,1712.0,0.03394115883085536,0.0,430,520,670,670,810,1200,8100,8100,8100,8100,8100
POST,/auth/modify-friend/,210,0,380,674.7952380952381,116,16959,1713.0,0.1979900931799896,0.0,380,440,540,610,880,1200,2800,8500,17000,17000,17000
GET,/public/,210,0,470,720.9857142857143,150,15260,10207.895238095238,0.1979900931799896,0.0,470,600,680,740,900,1300,3400,6400,15000,15000,15000
,Aggregated,1218,0,430,837.6888341543514,100,16959,5522.484400656815,1.1483425404439398,0.0,430,560,660,740,1100,2600,7100,10000,17000,17000,17000
