Type,Name,Request Count,Failure Count,Median Response Time,Average Response Time,Min Response Time,Max Response Time,Average Content Size,Requests/s,Failures/s,50%,66%,75%,80%,90%,95%,98%,99%,99.9%,99.99%,100%
GET,/,392,0,310,529.5051020408164,40,14981,10065.135204081633,0.36767514763197184,0.0,310,390,490,560,770,1100,3700,5700,15000,15000,15000
POST,/,49,0,620,1019.1836734693877,189,5944,10438.34693877551,0.04595939345399648,0.0,620,740,810,860,2100,4900,5900,5900,5900,5900,5900
GET,/auth/find-friends/,546,0,260,536.8901098901099,18,19032,1974.0,0.5121189556302466,0.0,260,340,420,470,670,880,5200,10000,19000,19000,19000
GET,/auth/login/,1,0,466,466.0,466,466,2961.0,0.0009379468051836017,0.0,470,470,470,470,470,470,470,470,470,470,470
POST,/auth/login/,56,0,1100,2342.3571428571427,286,9997,10035.160714285714,0.0525250210902817,0.0,1100,1500,2700,3200,7900,9400,9800,10000,10000,10000,10000
GET,/auth/logout/,55,0,250,551.2727272727273,71,12454,1712.0,0.051587074285098095,0.0,250,420,490,530,660,700,700,12000,12000,12000,12000
POST,/auth/modify-friend/,273,0,280,498.8827838827839,29,18166,1713.0,0.2560594778151233,0.0,280,340,420,450,670,990,2800,7600,18000,18000,18000
GET,/public/,274,0,340,572.07299270073,60,12455,10231.142335766423,0.2569974246203069,0.0,340,430,510,580,830,1500,3300,6300,12000,12000,12000
,Aggregated,1646,0,310,610.9046172539489,18,19032,5750.235722964763,1.5438604413322083,0.0,310,410,500,580,830,1500,4900,8200,18000,19000,19000
