Type,Name,Request Count,Failure Count,Median Response Time,Average Response Time,Min Response Time,Max Response Time,Average Content Size,Requests/s,Failures/s,50%,66%,75%,80%,90%,95%,98%,99%,99.9%,99.99%,100%
GET,/,256,0,500,882.2109375,78,12448,10290.2109375,0.24136470234689164,0.0,500,640,730,800,1100,2800,7600,11000,12000,12000,12000
POST,/,32,0,1200,1312.875,293,4122,10263.125,0.030170587793361455,0.0,1200,1400,1400,1500,2300,4100,4100,4100,4100,4100,4100
GET,/auth/find-friends/,396,0,430,847.1262626262626,79,19893,1974.0,0.373361023942848,0.0,430,550,630,720,1100,2600,6900,13000,20000,20000,20000
GET,/auth/login/,1,0,2758,2758.0,2758,2758,2961.0,0.0009428308685425455,0.0,2800,2800,2800,2800,2800,2800,2800,2800,2800,2800,2800
POST,/auth/login/,46,0,1100,2071.282608695652,292,10164,9788.152173913044,0.04337021995295709,0.0,1200,1300,1900,2300,5500,8600,10000,10000,10000,10000,10000
GET,/auth/logout/,45,0,330,424.7111111111111,175,1341,1712.0,0.04242738908441454,0.0,330,420,530,600,740,920,1300,1300,1300,1300,1300
POST,/auth/modify-friend/,198,0,430,765.7878787878788,59,14993,1713.0,0.186680511971424,0.0,430,540,630,680,1000,3000,5900,9400,15000,15000,15000
GET,/public/,198,0,470,704.1717171717172,127,10821,10203.676767676769,0.186680511971424,0.0,470,580,650,740,1100,1800,3400,8100,11000,11000,11000
,Aggregated,1172,0,470,863.0725255972696,59,19893,5660.559726962458,1.1049977779318632,0.0,470,610,720,830,1200,2800,6900,10000,18000,20000,20000
