Type,Name,Request Count,Failure Count,Median Response Time,Average Response Time,Min Response Time,Max Response Time,Average Content Size,Requests/s,Failures/s,50%,66%,75%,80%,90%,95%,98%,99%,99.9%,99.99%,100%
GET,/,311,0,360,730.0450160771704,106,19597,9941.061093247588,0.29320822057784485,0.0,360,460,570,640,930,2700,5900,8400,20000,20000,20000
POST,/,45,0,880,1286.2444444444445,299,8617,10078.8,0.04242562677171388,0.0,880,1100,1300,1400,2200,2600,8600,8600,8600,8600,8600
GET,/auth/find-friends/,499,0,290,642.8236472945891,32,18034,1974.0,0.470453061313005,0.0,290,380,450,510,800,1700,7200,11000,18000,18000,18000
GET,/auth/login/,1,0,476,476.0,476,476,2961.0,0.0009427917060380863,0.0,480,480,480,480,480,480,480,480,480,480,480
POST,/auth/login/,59,0,1200,2150.0169491525426,396,11480,9721.016949152543,0.055624710656247085,0.0,1200,2000,2700,3100,6100,9000,10000,11000,11000,11000,11000
GET,/auth/logout/,58,0,320,578.051724137931,63,4731,1712.0,0.054681918950209005,0.0,320,420,520,570,760,3100,4000,4700,4700,4700,4700
POST,/auth/modify-friend/,249,0,290,423.3453815261044,28,12345,1713.0,0.23475513480348348,0.0,290,370,420,500,680,860,1400,3300,12000,12000,12000
GET,/public/,250,0,340,504.528,94,10882,10231.292,0.23569792650952157,0.0,340,430,550,620,760,950,1500,3200,11000,11000,11000
,Aggregated,1472,0,340,678.0523097826087,28,19597,5564.129755434783,1.387789391288063,0.0,340,440,540,630,940,2200,5900,8900,18000,20000,20000
