Type,Name,Request Count,Failure Count,Median Response Time,Average Response Time,Min Response Time,Max Response Time,Average Content Size,Requests/s,Failures/s,50%,66%,75%,80%,90%,95%,98%,99%,99.9%,99.99%,100%
GET,/,342,0,370,754.7631578947369,69,15325,10206.66081871345,0.32095317448489435,0.0,370,480,570,650,980,2500,7000,12000,15000,15000,15000
POST,/,51,0,780,1415.450980392157,280,11140,10090.803921568628,0.047861438300378985,0.0,780,1100,1500,1600,2900,6000,6500,11000,11000,11000,11000
GET,/auth/find-friends/,470,0,320,660.7574468085106,43,17927,1974.0,0.44107600002310043,0.0,320,420,490,550,790,1200,5200,13000,18000,18000,18000
GET,/auth/login/,1,0,342,342.0,342,342,2961.0,0.000938459574517235,0.0,340,340,340,340,340,340,340,340,340,340,340
POST,/auth/login/,50,0,730,1532.8,96,9769,9736.32,0.04692297872586175,0.0,740,1400,1600,2200,3800,6200,9800,9800,9800,9800,9800
GET,/auth/logout/,50,0,340,690.58,74,9694,1712.0,0.04692297872586175,0.0,350,480,530,650,1100,3000,9700,9700,9700,9700,9700
POST,/auth/modify-friend/,235,0,300,469.73191489361704,34,15612,1713.0,0.22053800001155022,0.0,300,400,460,510,690,840,1100,3500,16000,16000,16000
GET,/public/,235,0,380,633.8936170212766,96,9924,10176.059574468085,0.22053800001155022,0.0,380,480,560,630,860,1200,5400,8800,9900,9900,9900
,Aggregated,1434,0,360,705.534170153417,34,17927,5789.675732217574,1.3457510298577149,0.0,360,460,560,640,970,1800,6200,9900,16000,18000,18000
