Type,Name,Request Count,Failure Count,Median Response Time,Average Response Time,Min Response Time,Max Response Time,Average Content Size,Requests/s,Failures/s,50%,66%,75%,80%,90%,95%,98%,99%,99.9%,99.99%,100%
GET,/,330,0,330,742.3454545454546,82,17804,9767.348484848484,0.31032581476243326,0.0,330,420,490,570,770,2300,8000,11000,18000,18000,18000
POST,/,52,0,610,1160.0576923076924,281,10622,10002.288461538461,0.04889982535650463,0.0,620,780,880,900,1400,5400,8300,11000,11000,11000,11000
GET,/auth/find-friends/,534,0,280,612.4063670411985,22,18822,1974.0,0.5021635911610284,0.0,280,360,430,480,690,900,6100,11000,19000,19000,19000
GET,/auth/login/,1,0,395,395.0,395,395,2961.0,0.0009403812568558583,0.0,400,400,400,400,400,400,400,400,400,400,400
POST,/auth/login/,53,0,990,1425.9622641509434,135,13322,9556.33962264151,0.04984020661336049,0.0,990,1200,1500,1700,2400,3200,4300,13000,13000,13000,13000
GET,/auth/logout/,53,0,240,376.9622641509434,89,2988,1712.0,0.04984020661336049,0.0,240,280,360,430,500,1700,1900,3000,3000,3000,3000
POST,/auth/modify-friend/,267,0,280,501.4569288389513,32,17792,1713.0,0.2510817955805142,0.0,280,350,420,470,590,760,2100,5600,18000,18000,18000
GET,/public/,267,0,340,539.940074906367,97,8996,10218.142322097377,0.2510817955805142,0.0,340,410,460,500,700,1100,4200,6700,9000,9000,9000
,Aggregated,1557,0,320,646.3230571612074,22,18822,5512.68978805395,1.4641736169245714,0.0,320,410,480,560,800,1300,5400,9200,18000,19000,19000
