Type,Name,Request Count,Failure Count,Median Response Time,Average Response Time,Min Response Time,Max Response Time,Average Content Size,Requests/s,Failures/s,50%,66%,75%,80%,90%,95%,98%,99%,99.9%,99.99%,100%
GET,/,375,0,320,527.784,65,15140,10186.904,0.3523765328431771,0.0,320,400,460,540,750,1000,2600,7200,15000,15000,15000
POST,/,48,0,700,1268.4375,164,11612,10238.854166666666,0.045104196203926666,0.0,720,910,1100,1200,2200,5000,12000,12000,12000,12000,12000
GET,/auth/find-friends/,574,0,270,563.9668989547039,34,19965,1974.0,0.5393710129386231,0.0,270,340,400,450,640,950,5500,10000,20000,20000,20000
GET,/auth/login/,1,0,474,474.0,474,474,2961.0,0.0009396707542484723,0.0,470,470,470,470,470,470,470,470,470,470,470
POST,/auth/login/,50,0,990,1930.1,164,14321,9891.62,0.04698353771242361,0.0,1100,1400,1600,2300,3800,7500,14000,14000,14000,14000,14000
GET,/auth/logout/,50,0,270,310.9,59,825,1712.0,0.04698353771242361,0.0,270,350,380,440,570,670,820,820,820,820,820
POST,/auth/modify-friend/,287,0,260,514.3623693379791,35,14823,1713.0,0.26968550646931155,0.0,260,330,400,460,680,950,4900,6800,15000,15000,15000
GET,/public/,287,0,340,581.0,83,12282,10199.30662020906,0.26968550646931155,0.0,340,420,500,560,750,1100,4700,10000,12000,12000,12000
,Aggregated,1672,0,300,603.7165071770335,34,19965,5649.882775119617,1.5711295011034456,0.0,300,390,470,550,820,1300,5000,10000,15000,20000,20000
