Type,Name,Request Count,Failure Count,Median Response Time,Average Response Time,Min Response Time,Max Response Time,Average Content Size,Requests/s,Failures/s,50%,66%,75%,80%,90%,95%,98%,99%,99.9%,99.99%,100%
GET,/,396,0,310,640.2878787878788,21,18969,9911.030303030304,0.37091967200779297,0.0,310,400,490,530,830,1200,6600,11000,19000,19000,19000
POST,/,60,0,700,1027.05,176,8381,10137.683333333332,0.05619995030421106,0.0,710,850,1100,1200,1700,3700,4000,8400,8400,8400,8400
GET,/auth/find-friends/,552,0,260,480.106884057971,17,17961,1974.0,0.5170395427987418,0.0,260,340,410,460,600,880,3200,7000,18000,18000,18000
GET,/auth/login/,1,0,54,54.0,54,54,2961.0,0.0009366658384035176,0.0,54,54,54,54,54,54,54,54,54,54,54
POST,/auth/login/,55,0,1000,1661.8727272727272,63,11851,9953.145454545454,0.05151662111219347,0.0,1000,1500,2000,2200,3100,4800,6500,12000,12000,12000,12000
GET,/auth/logout/,55,0,250,341.1272727272727,15,3066,1712.0,0.05151662111219347,0.0,250,320,340,410,480,960,1100,3100,3100,3100,3100
POST,/auth/modify-friend/,276,0,280,503.65579710144925,43,12441,1713.0,0.2585197713993709,0.0,290,370,440,480,620,1000,3100,6900,12000,12000,12000
GET,/public/,276,0,330,646.6086956521739,70,12620,10203.420289855072,0.2585197713993709,0.0,330,430,510,540,780,1600,6000,9300,13000,13000,13000
,Aggregated,1671,0,310,603.1645721125075,15,18969,5718.822860562537,1.565168615972278,0.0,310,400,490,550,850,1500,4600,8200,18000,19000,19000
