Type,Name,Request Count,Failure Count,Median Response Time,Average Response Time,Min Response Time,Max Response Time,Average Content Size,Requests/s,Failures/s,50%,66%,75%,80%,90%,95%,98%,99%,99.9%,99.99%,100%
GET,/,484,0,230,372.51446280991735,37,11403,10062.142561983472,0.454619267652753,0.0,230,290,360,410,530,700,1400,4300,11000,11000,11000
POST,/,78,0,490,820.8461538461538,81,13063,10214.666666666666,0.07326508858866682,0.0,500,630,690,810,1200,2300,3700,13000,13000,13000,13000
GET,/auth/find-friends/,742,0,190,370.4056603773585,23,15266,1974.0,0.6969576375998817,0.0,190,250,290,330,430,650,2800,6100,15000,15000,15000
GET,/auth/login/,1,0,239,239.0,239,239,2961.0,0.0009392960075470104,0.0,240,240,240,240,240,240,240,240,240,240,240
POST,/auth/login/,64,0,610,1550.1875,162,11469,10235.703125,0.060114944483008664,0.0,610,840,1100,1800,5300,8100,9700,11000,11000,11000,11000
GET,/auth/logout/,63,0,160,620.047619047619,20,10895,1712.0,0.059175648475461654,0.0,160,270,350,400,600,1800,11000,11000,11000,11000,11000
POST,/auth/modify-friend/,371,0,160,427.11590296495956,22,17923,1713.0,0.34847881879994086,0.0,160,220,270,320,420,560,1500,13000,18000,18000,18000
GET,/public/,371,0,230,480.3153638814016,60,16539,10225.857142857143,0.34847881879994086,0.0,230,310,370,410,610,910,3900,6800,17000,17000,17000
,Aggregated,2174,0,210,457.3758049678013,20,17923,5670.076816927323,2.0420295204072008,0.0,220,290,350,390,580,880,3300,8600,17000,18000,18000
