Type,Name,Request Count,Failure Count,Median Response Time,Average Response Time,Min Response Time,Max Response Time,Average Content Size,Requests/s,Failures/s,50%,66%,75%,80%,90%,95%,98%,99%,99.9%,99.99%,100%
GET,/,250,0,560,1148.312,165,16824,9942.244,0.23565701517705917,0.0,570,770,890,1100,1500,4700,11000,13000,17000,17000,17000
POST,/,35,0,1100,2170.8571428571427,183,17397,9761.6,0.03299198212478829,0.0,1100,1500,1700,2100,5000,11000,17000,17000,17000,17000,17000
GET,/auth/find-friends/,326,0,500,780.463190184049,114,15788,1974.0,0.30729674779088517,0.0,500,640,740,820,1200,1700,4500,4900,16000,16000,16000
GET,/auth/login/,1,0,2600,2600.0,2600,2600,2961.0,0.0009426280607082367,0.0,2600,2600,2600,2600,2600,2600,2600,2600,2600,2600,2600
POST,/auth/login/,23,0,1400,3014.8260869565215,454,11205,9431.521739130434,0.021680445396289445,0.0,1400,1900,4200,5000,9200,11000,11000,11000,11000,11000,11000
GET,/auth/logout/,22,0,380,500.04545454545456,188,1589,1712.0,0.020737817335581207,0.0,390,500,610,640,940,1000,1600,1600,1600,1600,1600
POST,/auth/modify-friend/,163,0,540,895.0674846625767,123,13325,1713.0,0.15364837389544259,0.0,540,650,820,880,1400,2100,5700,13000,13000,13000,13000
GET,/public/,163,0,610,1161.5766871165645,213,16721,10206.226993865032,0.15364837389544259,0.0,610,770,960,1100,1800,3400,8000,13000,17000,17000,17000
,Aggregated,983,0,560,1053.5747711088504,114,17397,5769.201424211597,0.9266033836761967,0.0,560,740,880,1000,1500,3200,9100,11000,17000,17000,17000
