Type,Name,Request Count,Failure Count,Median Response Time,Average Response Time,Min Response Time,Max Response Time,Average Content Size,Requests/s,Failures/s,50%,66%,75%,80%,90%,95%,98%,99%,99.9%,99.99%,100%
GET,/,296,0,440,765.5844594594595,101,16919,9977.662162162162,0.27752073083109385,0.0,450,550,650,730,970,2300,5700,11000,17000,17000,17000
POST,/,45,0,920,1358.2,245,9080,10300.244444444445,0.042190651646619,0.0,920,1100,1300,1500,1700,6100,9100,9100,9100,9100,9100
GET,/auth/find-friends/,400,0,390,758.9025,41,17546,1974.0,0.37502801463661334,0.0,400,500,590,660,920,1500,8500,12000,18000,18000,18000
GET,/auth/login/,1,0,525,525.0,525,525,2961.0,0.0009375700365915334,0.0,520,520,520,520,520,520,520,520,520,520,520
POST,/auth/login/,46,0,1100,1778.0652173913043,481,14876,9456.217391304348,0.04312822168321053,0.0,1100,1200,1300,1600,2600,5300,15000,15000,15000,15000,15000
GET,/auth/logout/,45,0,340,1265.3777777777777,83,15177,1712.0,0.042190651646619,0.0,340,460,520,590,3900,7500,15000,15000,15000,15000,15000
POST,/auth/modify-friend/,200,0,380,585.515,47,18058,1713.0,0.18751400731830667,0.0,380,470,560,600,820,1100,4600,5600,18000,18000,18000
GET,/public/,200,0,400,849.195,147,19022,10199.775,0.18751400731830667,0.0,400,510,630,720,1000,3800,8700,12000,19000,19000,19000
,Aggregated,1233,0,430,825.2173560421736,41,19022,5761.5904298459045,1.1560238551173607,0.0,430,550,660,750,1100,2400,7200,11000,18000,19000,19000
