Type,Name,Request Count,Failure Count,Median Response Time,Average Response Time,Min Response Time,Max Response Time,Average Content Size,Requests/s,Failures/s,50%,66%,75%,80%,90%,95%,98%,99%,99.9%,99.99%,100%
GET,/,476,0,260,467.70588235294116,49,16485,10098.004201680673,0.4450048027345415,0.0,260,330,400,440,610,870,2100,6400,16000,16000,16000
POST,/,62,0,560,1008.1290322580645,136,12710,10215.016129032258,0.05796281044021339,0.0,560,690,800,880,1400,1700,10000,13000,13000,13000,13000
GET,/auth/find-friends/,660,0,220,435.96363636363634,24,14479,1974.0,0.6170234659764652,0.0,220,280,320,360,500,750,4300,7500,14000,14000,14000
GET,/auth/login/,1,0,165,165.0,165,165,2961.0,0.0009348840393582805,0.0,160,160,160,160,160,160,160,160,160,160,160
POST,/auth/login/,70,0,690,1473.3285714285714,60,11065,10099.785714285714,0.06544188275507963,0.0,700,980,1400,1800,3800,7300,8800,11000,11000,11000,11000
GET,/auth/logout/,69,0,200,210.31884057971016,18,573,1712.0,0.06450699871572135,0.0,200,250,270,300,350,390,560,570,570,570,570
POST,/auth/modify-friend/,330,0,190,335.0121212121212,17,8731,1713.0,0.3085117329882326,0.0,190,250,280,320,410,580,2300,4500,8700,8700,8700
GET,/public/,330,0,260,584.1757575757575,58,21915,10195.660606060606,0.3085117329882326,0.0,260,320,380,420,590,920,5500,6200,22000,22000,22000
,Aggregated,1998,0,240,497.5025025025025,17,21915,5756.1326326326325,1.8678983106378444,0.0,240,310,370,420,620,1000,4400,7500,20000,22000,22000
