Type,Name,Request Count,Failure Count,Median Response Time,Average Response Time,Min Response Time,Max Response Time,Average Content Size,Requests/s,Failures/s,50%,66%,75%,80%,90%,95%,98%,99%,99.9%,99.99%,100%
GET,/,472,0,300,555.4385593220339,53,17152,10061.824152542373,0.39657990036249546,0.0,300,390,460,520,720,960,3100,11000,17000,17000,17000
POST,/,66,0,630,739.1212121212121,225,3289,10111.939393939394,0.055453969118484533,0.0,640,740,920,1000,1200,1400,1700,3300,3300,3300,3300
GET,/auth/find-friends/,630,0,240,463.2984126984127,22,16993,1974.0,0.5293333415855341,0.0,240,330,400,440,600,850,3400,6400,17000,17000,17000
GET,/auth/login/,1,0,503,503.0,503,503,2961.0,0.0008402116533103717,0.0,500,500,500,500,500,500,500,500,500,500,500
POST,/auth/login/,69,0,810,1568.6521739130435,132,16787,9926.811594202898,0.05797460407841565,0.0,810,1100,1400,2100,3600,5800,7200,17000,17000,17000,17000
GET,/auth/logout/,68,0,220,877.6176470588235,32,15818,1712.0,0.057134392425105276,0.0,240,280,330,360,530,2700,13000,16000,16000,16000,16000
POST,/auth/modify-friend/,315,0,220,422.73015873015873,21,13471,1713.0,0.26466667079276707,0.0,220,320,380,450,640,800,2800,4100,13000,13000,13000
GET,/public/,316,0,310,668.3955696202531,57,17434,10218.341772151898,0.26550688244607745,0.0,310,390,480,550,760,1100,6700,9700,17000,17000,17000
,Aggregated,1937,0,280,575.9514713474445,21,17434,5799.2292204439855,1.62748997246219,0.0,280,380,460,530,760,1300,4700,7800,17000,17000,17000
