Type,Name,Request Count,Failure Count,Median Response Time,Average Response Time,Min Response Time,Max Response Time,Average Content Size,Requests/s,Failures/s,50%,66%,75%,80%,90%,95%,98%,99%,99.9%,99.99%,100%
GET,/,583,0,250,512.9742710120069,45,12926,10179.452830188678,0.48286710177251524,0.0,250,330,390,440,630,820,5900,9300,13000,13000,13000
POST,/,72,0,520,685.4722222222222,150,5324,10158.777777777777,0.05963367294617684,0.0,530,670,820,860,1000,1200,3800,5300,5300,5300,5300
GET,/auth/find-friends/,800,0,190,320.4,18,21458,1974.0,0.6625963660686315,0.0,200,260,310,350,490,630,870,1600,21000,21000,21000
GET,/auth/login/,1,0,899,899.0,899,899,2961.0,0.0008282454575857894,0.0,900,900,900,900,900,900,900,900,900,900,900
POST,/auth/login/,81,0,740,1834.2222222222222,166,12669,9699.876543209877,0.06708788206444895,0.0,740,1300,1700,2600,5400,6300,12000,13000,13000,13000,13000
GET,/auth/logout/,80,0,170,470.3125,37,9185,1712.0,0.06625963660686315,0.0,170,210,270,320,420,1200,7500,9200,9200,9200,9200
POST,/auth/modify-friend/,400,0,180,324.835,18,8513,1713.0,0.33129818303431574,0.0,180,230,280,310,470,660,2200,5500,8500,8500,8500
GET,/public/,400,0,270,493.9125,56,13160,10215.5475,0.33129818303431574,0.0,270,330,390,450,640,780,3400,10000,13000,13000,13000
,Aggregated,2417,0,230,463.1083988415391,18,21458,5768.424906909392,2.001869270984853,0.0,230,300,370,430,640,920,3400,7500,13000,21000,21000
