Type,Name,Request Count,Failure Count,Median Response Time,Average Response Time,Min Response Time,Max Response Time,Average Content Size,Requests/s,Failures/s,50%,66%,75%,80%,90%,95%,98%,99%,99.9%,99.99%,100%
GET,/,410,0,390,750.3439024390244,84,13720,10197.951219512195,0.34624555162164394,0.0,400,500,570,630,900,1400,6500,12000,14000,14000,14000
POST,/,66,0,830,1284.969696969697,283,11694,9999.181818181818,0.05573708879763049,0.0,830,1000,1100,1200,1600,5900,7700,12000,12000,12000,12000
GET,/auth/find-friends/,500,0,300,572.424,37,16014,1974.0,0.4222506727093219,0.0,300,400,500,560,810,1400,4100,8800,16000,16000,16000
GET,/auth/login/,1,0,438,438.0,438,438,2961.0,0.0008445013454186438,0.0,440,440,440,440,440,440,440,440,440,440,440
POST,/auth/login/,47,0,1600,2715.851063829787,530,15735,10033.936170212766,0.03969156323467626,0.0,1600,2300,3200,4000,7500,8700,16000,16000,16000,16000,16000
GET,/auth/logout/,47,0,280,395.1489361702128,72,1970,1712.0,0.03969156323467626,0.0,280,380,450,460,890,1000,2000,2000,2000,2000,2000
POST,/auth/modify-friend/,250,0,320,537.24,63,11867,1713.0,0.21112533635466094,0.0,320,430,490,550,760,1400,3300,4000,12000,12000,12000
GET,/public/,250,0,370,669.072,74,13496,10208.512,0.21112533635466094,0.0,370,480,570,630,890,1100,6100,9400,13000,13000,13000
,Aggregated,1571,0,360,717.3099936346276,37,16014,5960.218968809675,1.3267116136526893,0.0,360,490,580,660,1000,1800,5900,10000,16000,16000,16000
