Type,Name,Request Count,Failure Count,Median Response Time,Average Response Time,Min Response Time,Max Response Time,Average Content Size,Requests/s,Failures/s,50%,66%,75%,80%,90%,95%,98%,99%,99.9%,99.99%,100%
GET,/,354,0,420,734.6694915254237,86,17015,9852.361581920904,0.29553142619927136,0.0,420,540,650,720,1000,1400,3800,9700,17000,17000,17000
POST,/,39,0,820,1368.5384615384614,360,6445,10432.384615384615,0.03255854695415701,0.0,820,1000,1400,1800,4100,5400,6400,6400,6400,6400,6400
GET,/auth/find-friends/,454,0,380,681.5132158590309,45,16436,1974.0,0.3790148799278791,0.0,380,470,570,640,980,1600,5300,8100,16000,16000,16000
GET,/auth/login/,1,0,419,419.0,419,419,2961.0,0.0008348345372860773,0.0,420,420,420,420,420,420,420,420,420,420,420
POST,/auth/login/,51,0,1300,3536.1372549019607,509,17286,10035.607843137255,0.04257656140158994,0.0,1300,1900,2800,3300,12000,15000,17000,17000,17000,17000,17000
GET,/auth/logout/,50,0,360,738.82,77,7248,1712.0,0.041741726864303864,0.0,370,510,590,770,1500,1900,7200,7200,7200,7200,7200
POST,/auth/modify-friend/,227,0,360,604.5859030837005,109,9625,1713.0,0.18950743996393954,0.0,360,460,520,600,880,1000,5000,7600,9600,9600,9600
GET,/public/,227,0,450,707.0528634361234,149,8188,10234.096916299559,0.18950743996393954,0.0,450,580,690,760,1100,1500,5000,7600,8200,8200,8200
,Aggregated,1403,0,410,811.3314326443335,45,17286,5775.597291518176,1.1712728558123664,0.0,410,540,660,760,1100,2000,7200,9700,17000,17000,17000
