Type,Name,Request Count,Failure Count,Median Response Time,Average Response Time,Min Response Time,Max Response Time,Average Content Size,Requests/s,Failures/s,50%,66%,75%,80%,90%,95%,98%,99%,99.9%,99.99%,100%
GET,/,544,0,250,476.5257352941176,48,15268,10198.795955882353,0.4530311062227718,0.0,250,340,400,460,630,1100,3600,6200,15000,15000,15000
POST,/,78,0,490,734.2307692307693,81,5059,10053.71794871795,0.06495666596576508,0.0,490,630,760,810,1400,2900,4100,5100,5100,5100,5100
GET,/auth/find-friends/,780,0,200,408.9576923076923,22,13037,1974.0,0.6495666596576507,0.0,200,250,300,340,510,730,3400,7700,13000,13000,13000
GET,/auth/login/,1,0,2486,2486.0,2486,2486,2961.0,0.00083277776879186,0.0,2500,2500,2500,2500,2500,2500,2500,2500,2500,2500,2500
POST,/auth/login/,78,0,700,1312.5384615384614,184,13962,10252.846153846154,0.06495666596576508,0.0,720,940,1200,1500,2200,5700,8600,14000,14000,14000,14000
GET,/auth/logout/,77,0,170,293.6753246753247,37,7758,1712.0,0.06412388819697322,0.0,170,230,240,270,350,470,730,7800,7800,7800,7800
POST,/auth/modify-friend/,389,0,200,386.5552699228792,21,12632,1713.0,0.32395055206003354,0.0,200,260,300,350,470,650,1100,9200,13000,13000,13000
GET,/public/,390,0,260,519.4435897435898,68,21339,10211.561538461538,0.32478332982882535,0.0,260,350,410,470,620,910,3700,8500,21000,21000,21000
,Aggregated,2337,0,230,477.4997860504921,21,21339,5757.564398801883,1.9462016456665767,0.0,230,310,380,440,640,1000,3700,7700,14000,21000,21000
