Type,Name,Request Count,Failure Count,Median Response Time,Average Response Time,Min Response Time,Max Response Time,Average Content Size,Requests/s,Failures/s,50%,66%,75%,80%,90%,95%,98%,99%,99.9%,99.99%,100%
GET,/,562,0,250,493.62277580071174,46,19791,10196.172597864768,0.4699460509644484,0.0,260,340,420,450,580,810,1600,5000,20000,20000,20000
POST,/,69,0,430,914.8985507246376,81,13706,10393.391304347826,0.057698002698482104,0.0,430,560,690,810,1100,1400,11000,14000,14000,14000,14000
GET,/auth/find-friends/,866,0,180,339.3556581986143,15,19629,1974.0,0.7241517440128333,0.0,180,240,290,330,450,640,1500,4800,20000,20000,20000
GET,/auth/login/,1,0,380,380.0,380,380,2961.0,0.0008362029376591609,0.0,380,380,380,380,380,380,380,380,380,380,380
POST,/auth/login/,65,0,640,1597.4615384615386,155,11704,10014.430769230768,0.05435319094784546,0.0,640,1000,1700,2200,4500,6400,8900,12000,12000,12000,12000
GET,/auth/logout/,64,0,140,256.859375,21,3921,1712.0,0.0535169880101863,0.0,140,240,300,310,480,600,720,3900,3900,3900,3900
POST,/auth/modify-friend/,433,0,180,276.9699769053118,16,13714,1713.0,0.36207587200641667,0.0,180,230,270,300,430,540,770,1100,14000,14000,14000
GET,/public/,433,0,240,557.9792147806005,50,15857,10209.64896073903,0.36207587200641667,0.0,240,320,390,430,570,1200,6900,8800,16000,16000,16000
,Aggregated,2493,0,220,447.8993180906538,15,19791,5648.95748094665,2.084653923584288,0.0,220,290,360,410,570,850,3700,7900,19000,20000,20000
