Type,Name,Request Count,Failure Count,Median Response Time,Average Response Time,Min Response Time,Max Response Time,Average Content Size,Requests/s,Failures/s,50%,66%,75%,80%,90%,95%,98%,99%,99.9%,99.99%,100%
GET,/,350,0,370,735.3285714285714,88,13065,10145.302857142857,0.29055496121611996,0.0,370,480,560,670,870,1200,8500,12000,13000,13000,13000
POST,/,56,0,880,1084.0714285714287,239,6158,10152.464285714286,0.046488793794579195,0.0,920,1100,1300,1400,1700,1900,3900,6200,6200,6200,6200
GET,/auth/find-friends/,566,0,320,638.6890459363958,42,15869,1974.0,0.46986888013806827,0.0,320,410,490,540,770,1200,5300,10000,16000,16000,16000
GET,/auth/login/,1,0,174,174.0,174,174,2961.0,0.000830157032046057,0.0,170,170,170,170,170,170,170,170,170,170,170
POST,/auth/login/,56,0,1300,1798.1785714285713,189,14946,9690.482142857143,0.046488793794579195,0.0,1300,1600,2000,2200,3600,4300,5500,15000,15000,15000,15000
GET,/auth/logout/,55,0,290,458.8181818181818,26,5062,1712.0,0.045658636762533136,0.0,290,420,540,570,800,1200,1400,5100,5100,5100,5100
POST,/auth/modify-friend/,283,0,300,546.6183745583039,36,13481,1713.0,0.23493444006903413,0.0,300,380,470,520,670,960,3600,9800,13000,13000,13000
GET,/public/,283,0,370,648.9399293286219,95,12315,10209.43816254417,0.23493444006903413,0.0,370,470,550,660,830,1500,5100,7900,12000,12000,12000
,Aggregated,1650,0,350,693.3460606060606,26,15869,5606.373333333333,1.3697591028759941,0.0,350,470,550,650,960,1700,5600,9800,16000,16000,16000
