Type,Name,Request Count,Failure Count,Median Response Time,Average Response Time,Min Response Time,Max Response Time,Average Content Size,Requests/s,Failures/s,50%,66%,75%,80%,90%,95%,98%,99%,99.9%,99.99%,100%
GET,/,616,0,220,352.0405844155844,40,20256,10191.01948051948,0.5123559041864012,0.0,230,280,320,360,500,650,1100,2300,20000,20000,20000
POST,/,84,0,420,842.047619047619,150,10829,10233.166666666666,0.06986671420723653,0.0,440,650,780,870,1400,2500,6900,11000,11000,11000,11000
GET,/auth/find-friends/,876,0,170,392.2751141552511,16,17389,1974.0,0.7286100195897524,0.0,170,230,280,310,440,660,3700,8400,17000,17000,17000
GET,/auth/login/,1,0,206,206.0,206,206,2961.0,0.0008317465977051968,0.0,210,210,210,210,210,210,210,210,210,210,210
POST,/auth/login/,92,0,610,1252.4891304347825,235,10632,10008.739130434782,0.07652068698887811,0.0,610,880,1100,1600,2700,5300,7600,11000,11000,11000,11000
GET,/auth/logout/,91,0,160,258.3296703296703,13,7478,1712.0,0.07568894039117291,0.0,160,210,240,260,330,410,510,7500,7500,7500,7500
POST,/auth/modify-friend/,438,0,160,371.8835616438356,14,18205,1713.0,0.3643050097948762,0.0,170,220,260,280,410,570,2200,7300,18000,18000,18000
GET,/public/,438,0,240,386.7579908675799,58,21220,10207.981735159818,0.3643050097948762,0.0,240,300,350,380,500,720,1600,4100,21000,21000,21000
,Aggregated,2636,0,200,418.22837632776935,13,21220,5753.954855842185,2.1924840315508987,0.0,200,270,320,360,540,860,2700,6900,18000,21000,21000
