Type,Name,Request Count,Failure Count,Median Response Time,Average Response Time,Min Response Time,Max Response Time,Average Content Size,Requests/s,Failures/s,50%,66%,75%,80%,90%,95%,98%,99%,99.9%,99.99%,100%
GET,/,437,0,340,556.7368421052631,29,20252,10109.29519450801,0.3643072389839056,0.0,340,420,490,550,750,1200,2800,5900,20000,20000,20000
POST,/,59,0,630,982.9322033898305,211,10165,10246.406779661016,0.04918564553787284,0.0,630,750,900,1100,1400,3000,5400,10000,10000,10000,10000
GET,/auth/find-friends/,628,0,270,493.12579617834393,35,15472,1974.0,0.5235353457251549,0.0,270,330,400,440,630,880,3500,9000,15000,15000,15000
GET,/auth/login/,1,0,47,47.0,47,47,2961.0,0.0008336550091164887,0.0,47,47,47,47,47,47,47,47,47,47,47
POST,/auth/login/,73,0,940,1872.6164383561643,147,13266,9675.383561643835,0.060856815665503675,0.0,940,1200,1500,1900,4900,8200,10000,13000,13000,13000,13000
GET,/auth/logout/,73,0,270,503.6027397260274,20,7210,1712.0,0.060856815665503675,0.0,270,340,400,430,700,1400,4200,7200,7200,7200,7200
POST,/auth/modify-friend/,314,0,250,405.14649681528664,33,13873,1713.0,0.26176767286257746,0.0,250,330,370,410,600,990,2100,3100,14000,14000,14000
GET,/public/,315,0,330,665.4095238095238,80,14741,10151.546031746031,0.26260132787169393,0.0,330,420,500,570,810,1400,5600,12000,15000,15000,15000
,Aggregated,1900,0,300,590.1584210526315,20,20252,5700.9636842105265,1.5839445173213287,0.0,310,400,470,550,810,1400,4800,8200,15000,20000,20000
