Type,Name,Request Count,Failure Count,Median Response Time,Average Response Time,Min Response Time,Max Response Time,Average Content Size,Requests/s,Failures/s,50%,66%,75%,80%,90%,95%,98%,99%,99.9%,99.99%,100%
GET,/,500,0,280,607.406,30,16998,10201.146,0.41758136200592977,0.0,280,370,450,490,800,1100,6000,11000,17000,17000,17000
POST,/,73,0,590,1188.7808219178082,136,15628,9932.506849315068,0.060966878852865745,0.0,590,820,1000,1200,2400,3800,9800,16000,16000,16000,16000
GET,/auth/find-friends/,692,0,220,396.16329479768785,25,17132,1974.0,0.5779326050162068,0.0,220,290,350,390,530,700,2500,5500,17000,17000,17000
GET,/auth/login/,1,0,44,44.0,44,44,2961.0,0.0008351627240118596,0.0,44,44,44,44,44,44,44,44,44,44,44
POST,/auth/login/,71,0,780,1312.943661971831,155,8338,9793.014084507042,0.05929655340484203,0.0,780,990,1400,1500,3600,4100,4600,8300,8300,8300,8300
GET,/auth/logout/,70,0,240,555.0714285714286,23,11307,1712.0,0.05846139068083017,0.0,250,310,360,430,680,2600,5200,11000,11000,11000,11000
POST,/auth/modify-friend/,346,0,210,322.69075144508673,27,13260,1713.0,0.2889663025081034,0.0,210,290,340,370,550,700,820,1200,13000,13000,13000
GET,/public/,350,0,280,605.6657142857143,32,17484,10126.217142857144,0.29230695340415086,0.0,280,360,430,500,740,1000,7600,11000,17000,17000,17000
,Aggregated,2103,0,260,532.7536852116025,23,17484,5775.859724203518,1.7563472085969407,0.0,260,340,420,480,730,1100,4000,7600,17000,17000,17000
