Type,Name,Request Count,Failure Count,Median Response Time,Average Response Time,Min Response Time,Max Response Time,Average Content Size,Requests/s,Failures/s,50%,66%,75%,80%,90%,95%,98%,99%,99.9%,99.99%,100%
GET,/,593,0,270,514.1315345699832,58,20230,10120.241146711636,0.49168970812398477,0.0,270,340,410,450,640,870,4400,8200,20000,20000,20000
POST,/,89,0,540,781.1011235955057,200,9214,10105.955056179775,0.07379491403547157,0.0,540,700,860,1000,1400,1600,2600,9200,9200,9200,9200
GET,/auth/find-friends/,762,0,200,433.28871391076115,34,18273,1974.0,0.6318171291576331,0.0,200,260,320,370,520,810,3000,6300,18000,18000,18000
GET,/auth/login/,1,0,323,323.0,323,323,2961.0,0.0008291563374772088,0.0,320,320,320,320,320,320,320,320,320,320,320
POST,/auth/login/,79,0,640,1409.367088607595,90,13067,10058.974683544304,0.06550335066069948,0.0,640,790,890,1100,4500,6400,11000,13000,13000,13000,13000
GET,/auth/logout/,78,0,220,464.56410256410254,32,9055,1712.0,0.06467419432322229,0.0,220,310,390,420,620,1200,5300,9100,9100,9100,9100
POST,/auth/modify-friend/,381,0,190,315.79265091863516,38,8546,1713.0,0.31590856457881655,0.0,190,260,300,340,480,580,1900,3700,8500,8500,8500
GET,/public/,381,0,250,387.83727034120733,86,10925,10212.372703412073,0.31590856457881655,0.0,250,320,370,420,590,890,1200,3800,11000,11000,11000
,Aggregated,2364,0,240,474.00423011844333,32,20230,5871.253807106599,1.9601255817961214,0.0,240,320,390,440,660,990,3700,7200,17000,20000,20000
