Type,Name,Request Count,Failure Count,Median Response Time,Average Response Time,Min Response Time,Max Response Time,Average Content Size,Requests/s,Failures/s,50%,66%,75%,80%,90%,95%,98%,99%,99.9%,99.99%,100%
GET,/,569,0,250,442.2671353251318,49,16865,10020.446397188049,0.470550880620964,0.0,250,330,390,430,580,850,2100,5500,17000,17000,17000
POST,/,88,0,490,1168.2613636363637,105,15793,9947.863636363636,0.07277412564963942,0.0,490,590,720,790,970,6500,15000,16000,16000,16000,16000
GET,/auth/find-friends/,834,0,200,372.1822541966427,17,14520,1974.0,0.6897002362704464,0.0,200,270,310,360,510,710,2500,5700,15000,15000,15000
GET,/auth/login/,1,0,57,57.0,57,57,2961.0,0.0008269787005640844,0.0,57,57,57,57,57,57,57,57,57,57,57
POST,/auth/login/,52,0,720,1066.076923076923,130,7128,9979.557692307691,0.04300289242933239,0.0,730,980,1200,1300,2000,3100,4000,7100,7100,7100,7100
GET,/auth/logout/,52,0,200,231.84615384615384,42,878,1712.0,0.04300289242933239,0.0,200,260,290,330,460,510,870,880,880,880,880
POST,/auth/modify-friend/,417,0,200,427.9736211031175,15,12933,1713.0,0.3448501181352232,0.0,200,260,300,340,480,690,3200,8900,13000,13000,13000
GET,/public/,418,0,260,571.4928229665072,22,16500,10140.925837320574,0.3456770968357873,0.0,260,340,410,440,620,1200,5500,7900,16000,16000,16000
,Aggregated,2431,0,240,472.9555738379268,15,16865,5671.5392842451665,2.010385221071289,0.0,240,310,380,430,610,920,3600,7100,16000,17000,17000
