Type,Name,Request Count,Failure Count,Median Response Time,Average Response Time,Min Response Time,Max Response Time,Average Content Size,Requests/s,Failures/s,50%,66%,75%,80%,90%,95%,98%,99%,99.9%,99.99%,100%
GET,/,296,0,430,858.375,29,16782,9868.577702702703,0.24549902772347193,0.0,430,550,650,710,1000,1900,8200,11000,17000,17000,17000
POST,/,51,0,760,1549.4901960784314,124,15640,9722.941176470587,0.04229881896586848,0.0,760,1200,1300,1400,3000,5700,8900,16000,16000,16000,16000
GET,/auth/find-friends/,462,0,360,678.1190476190476,57,16330,1974.0,0.38317753651433795,0.0,360,470,590,650,920,1500,4800,7400,16000,16000,16000
GET,/auth/login/,1,0,32,32.0,32,32,2961.0,0.0008293886071738917,0.0,32,32,32,32,32,32,32,32,32,32,32
POST,/auth/login/,55,0,1500,3056.981818181818,170,16660,9554.10909090909,0.04561637339456404,0.0,1500,2100,2500,4900,7600,14000,15000,17000,17000,17000,17000
GET,/auth/logout/,54,0,350,517.6296296296297,79,2329,1712.0,0.04478698478739015,0.0,360,490,650,790,990,1500,1600,2300,2300,2300,2300
POST,/auth/modify-friend/,231,0,360,535.987012987013,89,10731,1713.0,0.19158876825716897,0.0,360,470,550,610,870,1200,2400,4400,11000,11000,11000
GET,/public/,231,0,430,760.7662337662338,150,9957,10211.038961038961,0.19158876825716897,0.0,430,540,640,710,1100,2000,8300,8700,10000,10000,10000
,Aggregated,1381,0,410,826.9818971759595,29,16782,5578.7798696596665,1.1453856665071445,0.0,410,550,660,780,1200,2100,7500,11000,17000,17000,17000
