Type,Name,Request Count,Failure Count,Median Response Time,Average Response Time,Min Response Time,Max Response Time,Average Content Size,Requests/s,Failures/s,50%,66%,75%,80%,90%,95%,98%,99%,99.9%,99.99%,100%
GET,/,570,0,260,503.32105263157894,42,16620,10309.738596491228,0.473522010452618,0.0,260,320,380,420,580,800,3900,9500,17000,17000,17000
POST,/,73,0,470,625.7260273972603,151,5863,10180.479452054795,0.06064404695270371,0.0,470,660,800,830,990,1300,1300,5900,5900,5900,5900
GET,/auth/find-friends/,840,0,200,348.3809523809524,18,15547,1974.0,0.6978219101407002,0.0,200,260,310,340,440,630,2400,5200,16000,16000,16000
GET,/auth/login/,1,0,106,106.0,106,106,2961.0,0.0008307403692151193,0.0,110,110,110,110,110,110,110,110,110,110,110
POST,/auth/login/,75,0,670,1158.0533333333333,147,8391,10077.546666666667,0.06230552769113394,0.0,670,940,1200,1400,2600,3800,7000,8400,8400,8400,8400
GET,/auth/logout/,74,0,170,434.4189189189189,31,15546,1712.0,0.06147478732191882,0.0,180,220,270,280,400,580,2100,16000,16000,16000,16000
POST,/auth/modify-friend/,420,0,190,403.2761904761905,15,13104,1713.0,0.3489109550703501,0.0,190,240,280,310,440,710,2900,7500,13000,13000,13000
GET,/public/,420,0,260,494.56904761904764,60,19520,10204.438095238096,0.3489109550703501,0.0,260,320,360,410,530,700,3700,8300,20000,20000,20000
,Aggregated,2473,0,230,453.46259603720176,15,19520,5729.3469470279015,2.05442093306899,0.0,230,300,350,390,570,870,3600,7300,16000,20000,20000
