Type,Name,Request Count,Failure Count,Median Response Time,Average Response Time,Min Response Time,Max Response Time,Average Content Size,Requests/s,Failures/s,50%,66%,75%,80%,90%,95%,98%,99%,99.9%,99.99%,100%
GET,/,363,0,370,741.5922865013774,86,13197,10134.603305785124,0.3017214230203975,0.0,370,510,610,670,920,1400,6900,9800,13000,13000,13000
POST,/,49,0,820,1221.1020408163265,241,7744,9806.183673469388,0.04072823616528782,0.0,820,1100,1400,1700,1900,3600,7700,7700,7700,7700,7700
GET,/auth/find-friends/,555,0,340,580.2954954954955,56,15714,1974.0,0.46130961370887225,0.0,340,430,490,530,720,920,3700,8200,16000,16000,16000
GET,/auth/login/,1,0,273,273.0,273,273,2961.0,0.0008311884931691392,0.0,270,270,270,270,270,270,270,270,270,270,270
POST,/auth/login/,51,0,1100,2391.705882352941,494,13747,9905.176470588236,0.042390613151626094,0.0,1100,1900,2700,3200,5100,8300,13000,14000,14000,14000,14000
GET,/auth/logout/,50,0,290,674.14,72,11657,1712.0,0.04155942465845696,0.0,320,400,440,460,820,1300,12000,12000,12000,12000,12000
POST,/auth/modify-friend/,277,0,310,557.0722021660649,52,11394,1713.0,0.23023921260785155,0.0,310,420,500,550,820,1100,3200,8600,11000,11000,11000
GET,/public/,278,0,400,669.7661870503597,97,16123,10217.075539568345,0.23107040110102067,0.0,400,480,550,620,890,1400,3900,10000,16000,16000,16000
,Aggregated,1624,0,370,706.6237684729064,52,16123,5642.553571428572,1.349850112906682,0.0,370,470,580,660,930,1700,5800,9800,16000,16000,16000
