Type,Name,Request Count,Failure Count,Median Response Time,Average Response Time,Min Response Time,Max Response Time,Average Content Size,Requests/s,Failures/s,50%,66%,75%,80%,90%,95%,98%,99%,99.9%,99.99%,100%
GET,/,479,0,290,530.2672233820459,48,13762,10093.972860125261,0.40039742881071894,0.0,290,360,440,490,700,1100,4300,6400,14000,14000,14000
POST,/,72,0,510,824.6111111111111,175,12173,10012.555555555555,0.060184999737728104,0.0,510,650,700,760,1400,2100,4000,12000,12000,12000,12000
GET,/auth/find-friends/,741,0,240,418.03643724696354,21,15417,1974.0,0.6194039556341184,0.0,240,300,350,400,570,700,2400,6000,15000,15000,15000
GET,/auth/login/,1,0,335,335.0,335,335,2961.0,0.0008359027741351126,0.0,340,340,340,340,340,340,340,340,340,340,340
POST,/auth/login/,58,0,1000,2266.2758620689656,163,20590,10027.48275862069,0.048482360899836534,0.0,1000,1500,1700,1800,5800,13000,14000,21000,21000,21000,21000
GET,/auth/logout/,57,0,230,615.719298245614,84,13490,1712.0,0.04764645812570142,0.0,230,300,360,470,650,820,6000,13000,13000,13000,13000
POST,/auth/modify-friend/,370,0,220,394.08378378378376,22,11511,1713.0,0.30928402642999164,0.0,220,310,360,400,560,810,2500,4800,12000,12000,12000
GET,/public/,371,0,290,528.7250673854447,52,15744,10184.086253369273,0.3101199292041268,0.0,290,370,460,530,720,1000,3600,7000,16000,16000,16000
,Aggregated,2149,0,270,526.7463936714751,21,20590,5636.526756630991,1.796355061616357,0.0,270,340,420,490,700,1200,4000,7600,15000,21000,21000
