Type,Name,Request Count,Failure Count,Median Response Time,Average Response Time,Min Response Time,Max Response Time,Average Content Size,Requests/s,Failures/s,50%,66%,75%,80%,90%,95%,98%,99%,99.9%,99.99%,100%
GET,/,460,0,300,644.2891304347826,56,15520,10031.682608695652,0.3804611017100736,0.0,300,400,460,520,680,1100,6800,12000,16000,16000,16000
POST,/,50,0,650,1223.76,248,19576,10016.52,0.04135446757718191,0.0,670,810,880,960,1500,1700,20000,20000,20000,20000,20000
GET,/auth/find-friends/,654,0,270,482.585626911315,40,16930,1974.0,0.5409164359095394,0.0,270,370,440,480,670,1100,3000,5100,17000,17000,17000
GET,/auth/login/,1,0,81,81.0,81,81,2961.0,0.0008270893515436382,0.0,81,81,81,81,81,81,81,81,81,81,81
POST,/auth/login/,66,0,900,1990.378787878788,71,14111,9782.712121212122,0.05458789720188012,0.0,910,1200,1400,2100,5500,7700,11000,14000,14000,14000,14000
GET,/auth/logout/,65,0,260,275.4,50,650,1712.0,0.05376080785033648,0.0,260,330,350,380,520,580,650,650,650,650,650
POST,/auth/modify-friend/,327,0,260,412.5168195718654,30,8861,1713.0,0.2704582179547697,0.0,260,330,400,440,590,850,2500,5500,8900,8900,8900
GET,/public/,327,0,310,549.7614678899082,51,15971,10163.54740061162,0.2704582179547697,0.0,310,410,460,500,690,930,2900,8000,16000,16000,16000
,Aggregated,1950,0,300,583.1712820512821,30,19576,5666.629230769231,1.6128242355100946,0.0,300,400,470,530,770,1200,5000,8200,17000,20000,20000
