Type,Name,Request Count,Failure Count,Median Response Time,Average Response Time,Min Response Time,Max Response Time,Average Content Size,Requests/s,Failures/s,50%,66%,75%,80%,90%,95%,98%,99%,99.9%,99.99%,100%
GET,/,502,0,270,520.4402390438247,35,15589,10045.24501992032,0.4172177158471115,0.0,280,350,410,470,670,920,2600,11000,16000,16000,16000
POST,/,67,0,490,1114.1492537313434,139,19110,10174.253731343284,0.05568443617879775,0.0,490,710,990,1000,2000,3200,6400,19000,19000,19000,19000
GET,/auth/find-friends/,742,0,230,464.72641509433964,22,17743,1974.0,0.6166843529054915,0.0,230,290,360,410,580,980,4500,7600,18000,18000,18000
GET,/auth/login/,1,0,39,39.0,39,39,2961.0,0.00083111098774325,0.0,39,39,39,39,39,39,39,39,39,39,39
POST,/auth/login/,74,0,670,1602.945945945946,74,14144,10004.45945945946,0.0615022130930005,0.0,680,830,1000,1200,3400,8800,13000,14000,14000,14000,14000
GET,/auth/logout/,73,0,190,268.82191780821915,23,1455,1712.0,0.06067110210525725,0.0,190,280,320,380,600,700,790,1500,1500,1500,1500
POST,/auth/modify-friend/,371,0,210,328.04582210242586,25,5099,1713.0,0.30834217645274575,0.0,210,280,380,410,570,750,1200,4100,5100,5100,5100
GET,/public/,373,0,280,466.3699731903485,39,14874,10115.201072386059,0.31000439842823224,0.0,280,340,400,480,680,1100,2900,4600,15000,15000,15000
,Aggregated,2203,0,250,505.98184294144346,22,19110,5658.581933726737,1.8309375059983797,0.0,250,340,410,480,700,1100,3600,7500,16000,19000,19000
