Type,Name,Request Count,Failure Count,Median Response Time,Average Response Time,Min Response Time,Max Response Time,Average Content Size,Requests/s,Failures/s,50%,66%,75%,80%,90%,95%,98%,99%,99.9%,99.99%,100%
GET,/,359,0,440,786.3537604456825,62,15252,9988.387186629527,0.29754675069328473,0.0,440,560,690,760,1000,1500,7100,9000,15000,15000,15000
POST,/,49,0,900,1868.469387755102,199,18748,10320.918367346938,0.040612230596019365,0.0,900,1100,1300,1500,4300,9000,19000,19000,19000,19000,19000
GET,/auth/find-friends/,463,0,380,661.0021598272139,64,14048,1974.0,0.3837441380807544,0.0,380,500,600,660,860,1200,4400,10000,14000,14000,14000
GET,/auth/login/,1,0,136,136.0,136,136,2961.0,0.0008288210325718238,0.0,140,140,140,140,140,140,140,140,140,140,140
POST,/auth/login/,54,0,1200,2354.203703703704,309,20922,9836.74074074074,0.04475633575887848,0.0,1200,1700,2500,3400,5200,7300,12000,21000,21000,21000,21000
GET,/auth/logout/,53,0,280,407.5660377358491,108,2587,1712.0,0.04392751472630666,0.0,280,370,470,570,890,930,1100,2600,2600,2600,2600
POST,/auth/modify-friend/,231,0,320,736.6580086580086,70,12295,1713.0,0.19145765852409127,0.0,320,440,530,590,890,2100,8600,10000,12000,12000,12000
GET,/public/,232,0,450,645.8060344827586,123,12058,10169.422413793103,0.19228647955666311,0.0,460,600,690,770,960,1200,3200,5500,12000,12000,12000
,Aggregated,1442,0,410,796.6428571428571,62,20922,5815.123439667129,1.19515992896857,0.0,410,560,670,760,1100,2100,7100,10000,19000,21000,21000
