Type,Name,Request Count,Failure Count,Median Response Time,Average Response Time,Min Response Time,Max Response Time,Average Content Size,Requests/s,Failures/s,50%,66%,75%,80%,90%,95%,98%,99%,99.9%,99.99%,100%
GET,/,501,0,270,557.564870259481,56,15556,9946.7624750499,0.4168059464992464,0.0,270,360,430,480,700,1100,3600,8100,16000,16000,16000
POST,/,79,0,590,883.5316455696203,138,12407,10024.037974683544,0.06572389176335422,0.0,590,740,860,940,1300,1900,5500,12000,12000,12000,12000
GET,/auth/find-friends/,673,0,240,427.15007429420507,15,17983,1974.0,0.5599010019840176,0.0,240,300,360,410,590,870,3100,5600,18000,18000,18000
GET,/auth/login/,1,0,146,146.0,146,146,2961.0,0.0008319479970044838,0.0,150,150,150,150,150,150,150,150,150,150,150
POST,/auth/login/,64,0,1100,2273.890625,149,15583,9924.234375,0.053244671808286965,0.0,1100,1300,1500,2600,6400,11000,12000,16000,16000,16000,16000
GET,/auth/logout/,63,0,270,612.5873015873016,75,14408,1712.0,0.05241272381128249,0.0,270,320,350,360,470,580,8100,14000,14000,14000,14000
POST,/auth/modify-friend/,336,0,220,306.48809523809524,22,9287,1713.0,0.27953452699350656,0.0,220,280,330,370,490,670,930,1200,9300,9300,9300
GET,/public/,337,0,300,618.5430267062314,52,14968,10206.287833827893,0.28036647499051104,0.0,300,390,450,490,700,1200,4900,12000,15000,15000,15000
,Aggregated,2054,0,270,551.269717624148,15,17983,5776.428432327167,1.7088211858472098,0.0,270,350,430,490,740,1200,4500,8400,16000,18000,18000
