Type,Name,Request Count,Failure Count,Median Response Time,Average Response Time,Min Response Time,Max Response Time,Average Content Size,Requests/s,Failures/s,50%,66%,75%,80%,90%,95%,98%,99%,99.9%,99.99%,100%
GET,/,440,0,390,691.6931818181819,72,18172,10116.38409090909,0.3676403476668213,0.0,390,480,580,670,1100,1500,5500,7600,18000,18000,18000
POST,/,50,0,750,1231.56,192,8092,10206.52,0.041777312234866054,0.0,760,1000,1300,1600,3100,4100,8100,8100,8100,8100,8100
GET,/auth/find-friends/,520,0,280,554.4173076923076,24,17275,1974.0,0.434484047242607,0.0,280,380,450,510,800,1100,4400,8100,17000,17000,17000
GET,/auth/login/,1,0,38,38.0,38,38,2961.0,0.0008355462446973212,0.0,38,38,38,38,38,38,38,38,38,38,38
POST,/auth/login/,69,0,700,1714.6376811594203,103,13831,10108.811594202898,0.057652690884115156,0.0,700,940,1300,1900,5000,7600,14000,14000,14000,14000,14000
GET,/auth/logout/,68,0,270,426.25,40,7888,1712.0,0.05681714463941784,0.0,280,330,370,390,510,800,2800,7900,7900,7900,7900
POST,/auth/modify-friend/,260,0,270,511.86538461538464,33,16630,1713.0,0.2172420236213035,0.0,270,360,450,550,720,1100,1500,11000,17000,17000,17000
GET,/public/,260,0,380,724.2,58,15809,10170.165384615384,0.2172420236213035,0.0,390,460,570,640,900,1500,4400,14000,16000,16000,16000
,Aggregated,1668,0,340,673.2194244604317,24,18172,5931.968225419664,1.3936911361551316,0.0,340,450,550,640,970,1500,5500,10000,17000,18000,18000
