Type,Name,Request Count,Failure Count,Median Response Time,Average Response Time,Min Response Time,Max Response Time,Average Content Size,Requests/s,Failures/s,50%,66%,75%,80%,90%,95%,98%,99%,99.9%,99.99%,100%
GET,/,547,0,250,523.4826325411335,46,21398,10129.215722120658,0.4537633410455856,0.0,250,320,380,420,640,980,5500,8200,21000,21000,21000
POST,/,73,0,520,636.8493150684932,146,3463,10402.72602739726,0.06055708207738162,0.0,520,600,730,810,1000,1800,2200,3500,3500,3500,3500
GET,/auth/find-friends/,782,0,190,323.7391304347826,21,10344,1974.0,0.6487073723905812,0.0,190,240,280,330,470,630,1800,4300,10000,10000,10000
GET,/auth/login/,1,0,376,376.0,376,376,2961.0,0.0008295490695531729,0.0,380,380,380,380,380,380,380,380,380,380,380
POST,/auth/login/,84,0,950,2323.904761904762,121,15996,10071.964285714286,0.06968212184246653,0.0,970,1300,2000,2300,8500,9900,13000,16000,16000,16000,16000
GET,/auth/logout/,83,0,230,352.7710843373494,42,3210,1712.0,0.06885257277291335,0.0,230,310,380,420,620,790,3000,3200,3200,3200,3200
POST,/auth/modify-friend/,391,0,180,359.67263427109975,16,10041,1713.0,0.3243536861952906,0.0,180,240,300,330,460,620,3300,5700,10000,10000,10000
GET,/public/,391,0,250,416.6214833759591,74,12766,10213.089514066496,0.3243536861952906,0.0,250,320,360,400,540,830,1400,4600,13000,13000,13000
,Aggregated,2352,0,230,473.80697278911566,16,21398,5738.9247448979595,1.9510994115890627,0.0,230,300,370,420,630,1000,3700,7600,13000,21000,21000
