Type,Name,Request Count,Failure Count,Median Response Time,Average Response Time,Min Response Time,Max Response Time,Average Content Size,Requests/s,Failures/s,50%,66%,75%,80%,90%,95%,98%,99%,99.9%,99.99%,100%
GET,/,845,0,170,291.9384615384615,30,5086,10357.633136094675,0.735012223824045,0.0,170,240,310,360,530,700,1400,2700,5100,5100,5100
POST,/,108,0,320,496.2962962962963,114,3766,10323.574074074075,0.0939423907372744,0.0,320,430,540,680,1100,1300,1600,3000,3800,3800,3800
GET,/auth/find-friends/,1162,0,120,229.05851979345954,21,8032,1974.0,1.0107505373769707,0.0,120,190,240,280,490,670,1200,2200,5800,8000,8000
GET,/auth/login/,1,0,1966,1966.0,1966,1966,2961.0,0.0008698369512710591,0.0,2000,2000,2000,2000,2000,2000,2000,2000,2000,2000,2000
POST,/auth/login/,106,0,500,859.3962264150944,60,6544,10194.11320754717,0.09220271683473227,0.0,520,850,1100,1200,1700,3100,4600,5700,6500,6500,6500
GET,/auth/logout/,105,0,130,264.1047619047619,8,3242,1712.0,0.09133287988346121,0.0,130,210,290,310,450,760,2700,3100,3200,3200,3200
POST,/auth/modify-friend/,580,0,120,243.50862068965517,25,7507,1713.0,0.5045054317372143,0.0,120,180,250,310,470,670,1000,2100,7500,7500,7500
GET,/public/,581,0,180,349.6471600688468,55,7918,10230.253012048193,0.5053752686884854,0.0,180,260,330,380,570,780,3100,4900,7900,7900,7900
,Aggregated,3488,0,160,295.76462155963304,8,8032,5837.599770642202,3.0339912860334546,0.0,160,230,300,360,560,790,1700,3300,7400,8000,8000
