Type,Name,Request Count,Failure Count,Median Response Time,Average Response Time,Min Response Time,Max Response Time,Average Content Size,Requests/s,Failures/s,50%,66%,75%,80%,90%,95%,98%,99%,99.9%,99.99%,100%
GET,/,1454,0,140,171.38239339752408,51,1147,10275.840440165062,1.264884822048081,0.0,140,160,200,220,310,380,480,580,830,1100,1100
POST,/,191,0,360,409.6125654450262,83,1735,10373.575916230366,0.1661574972566599,0.0,360,430,510,530,690,800,980,1200,1700,1700,1700
GET,/auth/find-friends/,2105,0,71,96.53491686460808,26,749,1974.0,1.831212207985702,0.0,71,95,100,110,200,270,300,390,660,750,750
GET,/auth/login/,1,0,166,166.0,166,166,2961.0,0.0008699345406107848,0.0,170,170,170,170,170,170,170,170,170,170,170
POST,/auth/login/,228,0,190,246.76315789473685,82,1198,10410.36403508772,0.19834507525925896,0.0,190,250,290,350,450,610,730,840,1200,1200,1200
GET,/auth/logout/,227,0,11,38.797356828193834,8,316,1712.0,0.19747514071864816,0.0,11,13,41,65,110,170,260,300,320,320,320
POST,/auth/modify-friend/,1052,0,97,119.93346007604563,31,881,1713.0,0.9151711367225457,0.0,97,120,140,140,220,310,340,430,700,880,880
GET,/public/,1053,0,140,167.61918328584994,52,694,10218.98480531814,0.9160410712631565,0.0,140,170,200,210,290,370,440,550,640,690,690
,Aggregated,6311,0,100,142.37680240849312,8,1735,5768.58025669466,5.490156885794663,0.0,100,140,180,200,280,370,500,610,950,1700,1700
