Type,Name,Request Count,Failure Count,Median Response Time,Average Response Time,Min Response Time,Max Response Time,Average Content Size,Requests/s,Failures/s,50%,66%,75%,80%,90%,95%,98%,99%,99.9%,99.99%,100%
GET,/,593,0,380,418.96121416526137,89,5490,10232.789207419899,0.5159513506301852,0.0,380,460,520,570,680,800,1100,1300,5500,5500,5500
POST,/,85,0,870,935.5882352941177,260,4194,10432.458823529412,0.07395592715609736,0.0,870,1000,1100,1200,1400,1600,2500,4200,4200,4200,4200
GET,/auth/find-friends/,850,0,320,363.4694117647059,31,4316,1974.0,0.7395592715609737,0.0,320,390,460,500,600,740,910,1700,4300,4300,4300
GET,/auth/login/,1,0,208,208.0,208,208,2961.0,0.0008700697312482042,0.0,210,210,210,210,210,210,210,210,210,210,210
POST,/auth/login/,73,0,1100,1086.4931506849316,145,2749,10379.698630136987,0.06351509038111891,0.0,1100,1300,1400,1500,1700,2000,2200,2700,2700,2700,2700
GET,/auth/logout/,72,0,310,394.6388888888889,11,3946,1712.0,0.06264502064987071,0.0,330,380,460,480,660,900,1100,3900,3900,3900,3900
POST,/auth/modify-friend/,425,0,320,346.6329411764706,46,1393,1713.0,0.36977963578048684,0.0,320,380,460,490,590,730,900,1000,1400,1400,1400
GET,/public/,425,0,370,412.6235294117647,80,5080,10202.044705882354,0.36977963578048684,0.0,370,440,480,520,670,870,1100,1300,5100,5100,5100
,Aggregated,2524,0,350,422.95483359746436,11,5490,5776.75911251981,2.1960560016704678,0.0,350,450,510,560,740,970,1400,1700,4300,5500,5500
