Type,Name,Request Count,Failure Count,Median Response Time,Average Response Time,Min Response Time,Max Response Time,Average Content Size,Requests/s,Failures/s,50%,66%,75%,80%,90%,95%,98%,99%,99.9%,99.99%,100%
GET,/,480,0,340,542.675,64,8484,10222.06875,0.4177619974878975,0.0,340,430,490,540,720,1500,4800,7200,8500,8500,8500
POST,/,63,0,740,859.7936507936508,195,3027,10437.603174603175,0.05483126217028655,0.0,740,900,1000,1100,1500,2000,2500,3000,3000,3000,3000
GET,/auth/find-friends/,647,0,300,455.65687789799074,23,20433,1974.0,0.5631083591138952,0.0,300,380,450,500,640,900,2200,3900,20000,20000,20000
GET,/auth/login/,1,0,42,42.0,42,42,2961.0,0.0008703374947664532,0.0,42,42,42,42,42,42,42,42,42,42,42
POST,/auth/login/,71,0,1100,1520.7605633802816,92,7401,9862.718309859154,0.06179396212841817,0.0,1100,1600,1900,2100,3700,4600,5000,7400,7400,7400,7400
GET,/auth/logout/,70,0,250,333.22857142857146,14,3788,1712.0,0.06092362463365172,0.0,250,330,360,440,510,900,1100,3800,3800,3800,3800
POST,/auth/modify-friend/,323,0,280,433.3034055727554,27,9798,1713.0,0.28111901080956436,0.0,280,360,410,470,600,870,2000,4100,9800,9800,9800
GET,/public/,324,0,350,588.7901234567901,55,9369,10180.814814814816,0.2819893483043308,0.0,360,450,520,570,800,1400,4700,5700,9400,9400,9400
,Aggregated,1979,0,330,541.4492167761496,14,20433,5819.240525517938,1.7223979021428106,0.0,330,420,500,560,810,1500,3800,5300,10000,20000,20000
