Type,Name,Request Count,Failure Count,Median Response Time,Average Response Time,Min Response Time,Max Response Time,Average Content Size,Requests/s,Failures/s,50%,66%,75%,80%,90%,95%,98%,99%,99.9%,99.99%,100%
GET,/,1724,0,120,137.0092807424594,42,964,10350.156032482599,1.5044984909588923,0.0,120,140,150,160,250,320,400,470,810,960,960
POST,/,243,0,260,299.69135802469134,73,1087,10375.308641975309,0.21206098219432182,0.0,260,350,360,380,490,550,630,750,1100,1100,1100
GET,/auth/find-friends/,2588,0,65,79.13755795981453,23,1126,1974.0,2.258493094316481,0.0,65,69,76,96,160,210,300,460,860,1100,1100
GET,/auth/login/,1,0,27,27.0,27,27,2961.0,0.0008726789390712833,0.0,27,27,27,27,27,27,27,27,27,27,27
POST,/auth/login/,252,0,160,201.68650793650792,66,1450,10326.503968253968,0.21991509264596337,0.0,160,180,220,280,360,510,690,840,1400,1400,1400
GET,/auth/logout/,252,0,11,39.97222222222222,8,580,1712.0,0.21991509264596337,0.0,11,14,39,60,110,170,250,330,580,580,580
POST,/auth/modify-friend/,1294,0,81,93.27047913446677,27,897,1713.0,1.1292465471582405,0.0,81,92,97,110,170,230,330,420,750,900,900
GET,/public/,1294,0,120,132.01700154559506,48,1007,10211.168469860897,1.1292465471582405,0.0,120,140,150,160,210,270,380,480,920,1000,1000
,Aggregated,7648,0,82,113.26935146443515,8,1450,5745.30844665272,6.674248526017174,0.0,82,110,140,150,220,300,410,510,920,1400,1400
