Type,Name,Request Count,Failure Count,Median Response Time,Average Response Time,Min Response Time,Max Response Time,Average Content Size,Requests/s,Failures/s,50%,66%,75%,80%,90%,95%,98%,99%,99.9%,99.99%,100%
GET,/,541,0,400,458.93160813308685,80,4004,10158.205175600739,0.4719314746915353,0.0,400,490,550,580,750,870,1100,1200,4000,4000,4000
POST,/,76,0,980,1035.3157894736842,284,3298,10243.131578947368,0.06629721271082566,0.0,1000,1200,1200,1300,1500,2100,3100,3300,3300,3300,3300
GET,/auth/find-friends/,734,0,350,398.60626702997274,41,3072,1974.0,0.6402915017071846,0.0,350,430,490,540,680,840,1200,1500,3100,3100,3100
GET,/auth/login/,1,0,276,276.0,276,276,2961.0,0.0008723317461950744,0.0,280,280,280,280,280,280,280,280,280,280,280
POST,/auth/login/,79,0,1100,1259.2151898734178,263,3308,10114.962025316456,0.06891420794941089,0.0,1100,1400,1700,1800,2100,2500,3000,3300,3300,3300,3300
GET,/auth/logout/,78,0,320,421.28205128205127,24,4879,1712.0,0.0680418762032158,0.0,320,400,480,500,730,950,1200,4900,4900,4900,4900
POST,/auth/modify-friend/,367,0,360,376.92370572207085,48,1764,1713.0,0.3201457508535923,0.0,360,420,470,500,580,740,980,1200,1800,1800,1800
GET,/public/,367,0,390,457.1389645776567,77,5080,10222.882833787466,0.3201457508535923,0.0,390,500,580,620,730,930,1200,1200,5100,5100,5100
,Aggregated,2243,0,390,471.80472581364245,24,5080,5813.210432456532,1.9566401067155519,0.0,390,480,550,610,810,1100,1500,2100,4000,5100,5100
