Type,Name,Request Count,Failure Count,Median Response Time,Average Response Time,Min Response Time,Max Response Time,Average Content Size,Requests/s,Failures/s,50%,66%,75%,80%,90%,95%,98%,99%,99.9%,99.99%,100%
GET,/,485,0,310,494.77319587628864,57,10215,10255.874226804124,0.42264103620275506,0.0,310,390,450,500,690,1200,3400,5000,10000,10000,10000
POST,/,75,0,600,936.5866666666667,136,7576,10095.506666666666,0.06535686126846728,0.0,600,740,870,1100,1600,4200,5300,7600,7600,7600,7600
GET,/auth/find-friends/,796,0,240,363.86683417085425,23,7442,1974.0,0.6936541542626661,0.0,240,330,390,440,600,850,1600,3700,7400,7400,7400
GET,/auth/login/,1,0,81,81.0,81,81,2961.0,0.000871424816912897,0.0,81,81,81,81,81,81,81,81,81,81,81
POST,/auth/login/,81,0,900,1310.3827160493827,81,5550,10155.765432098766,0.07058541016994466,0.0,900,1100,1600,1900,3100,4200,5400,5600,5600,5600,5600
GET,/auth/logout/,81,0,210,388.74074074074076,14,4159,1712.0,0.07058541016994466,0.0,210,320,380,460,680,1200,3900,4200,4200,4200,4200
POST,/auth/modify-friend/,398,0,250,398.7713567839196,28,9009,1713.0,0.34682707713133304,0.0,250,320,370,400,570,840,3200,4900,9000,9000,9000
GET,/public/,398,0,300,407.57035175879395,58,5583,10214.150753768845,0.34682707713133304,0.0,300,380,440,480,640,910,1800,4000,5600,5600,5600
,Aggregated,2315,0,280,457.22721382289416,14,10215,5621.521382289417,2.0173484511533566,0.0,280,370,450,500,740,1200,3200,4600,8800,10000,10000
