Type,Name,Request Count,Failure Count,Median Response Time,Average Response Time,Min Response Time,Max Response Time,Average Content Size,Requests/s,Failures/s,50%,66%,75%,80%,90%,95%,98%,99%,99.9%,99.99%,100%
GET,/,1264,0,140,217.32832278481013,53,6111,10326.219145569621,1.0977898426519317,0.0,140,190,240,290,410,550,730,980,4900,6100,6100
POST,/,180,0,340,434.56111111111113,126,1637,10213.08888888889,0.15633083202321812,0.0,340,470,570,640,800,1000,1300,1600,1600,1600,1600
GET,/auth/find-friends/,1744,0,80,134.1209862385321,22,3522,1974.0,1.5146720613805134,0.0,81,120,170,210,330,420,530,630,2100,3500,3500
GET,/auth/login/,1,0,27,27.0,27,27,2961.0,0.0008685046223512118,0.0,27,27,27,27,27,27,27,27,27,27,27
POST,/auth/login/,159,0,220,387.07547169811323,72,2790,10256.842767295597,0.13809223495384268,0.0,220,360,540,630,1000,1200,1300,1500,2800,2800,2800
GET,/auth/logout/,159,0,54,110.79874213836477,8,799,1712.0,0.13809223495384268,0.0,54,98,120,170,320,480,590,670,800,800,800
POST,/auth/modify-friend/,872,0,88,148.11926605504587,26,3769,1713.0,0.7573360306902567,0.0,88,130,180,210,350,430,580,670,3800,3800,3800
GET,/public/,872,0,140,204.80504587155963,54,3307,10185.060779816513,0.7573360306902567,0.0,140,180,250,290,400,510,670,960,3300,3300,3300
,Aggregated,5251,0,120,185.44467720434204,8,6111,5830.216911064559,4.560517771966213,0.0,120,170,220,270,400,530,730,980,3300,6100,6100
