Type,Name,Request Count,Failure Count,Median Response Time,Average Response Time,Min Response Time,Max Response Time,Average Content Size,Requests/s,Failures/s,50%,66%,75%,80%,90%,95%,98%,99%,99.9%,99.99%,100%
GET,/,1423,0,95,166.26212227687984,42,2880,10331.0,1.2386157281416308,0.0,95,120,150,170,370,560,740,840,1500,2900,2900
POST,/,206,0,240,352.1504854368932,89,1531,10455.97572815534,0.17930768798114963,0.0,240,280,360,430,820,1100,1200,1300,1500,1500,1500
GET,/auth/find-friends/,1936,0,46,123.87551652892562,19,3673,1974.0,1.685144096754882,0.0,46,75,100,120,350,480,660,820,3700,3700,3700
GET,/auth/login/,1,0,74,74.0,74,74,2961.0,0.000870425669811406,0.0,74,74,74,74,74,74,74,74,74,74,74
POST,/auth/login/,199,0,150,339.5829145728643,77,4366,10334.597989949749,0.1732147082924698,0.0,150,200,260,350,990,1600,1700,2100,4400,4400,4400
GET,/auth/logout/,198,0,14,80.26262626262626,4,1105,1712.0,0.17234428262265838,0.0,14,38,66,89,250,410,760,940,1100,1100,1100
POST,/auth/modify-friend/,968,0,55,129.8409090909091,25,2105,1713.0,0.842572048377441,0.0,55,81,110,130,350,500,640,850,2100,2100,2100
GET,/public/,968,0,96,176.57644628099175,62,2487,10216.72520661157,0.842572048377441,0.0,96,130,150,190,430,570,730,970,2500,2500,2500
,Aggregated,5899,0,84,157.50330564502457,4,4366,5869.317511442618,5.134641026217484,0.0,84,110,150,190,380,550,800,1100,2500,4400,4400
