Type,Name,Request Count,Failure Count,Median Response Time,Average Response Time,Min Response Time,Max Response Time,Average Content Size,Requests/s,Failures/s,50%,66%,75%,80%,90%,95%,98%,99%,99.9%,99.99%,100%
GET,/,1885,0,110,128.52838196286473,49,489,10369.636074270556,1.6412306511418469,0.0,110,120,140,160,200,230,270,300,490,490,490
POST,/,256,0,280,308.4453125,95,693,10370.75390625,0.22289392397470173,0.0,280,310,350,370,430,500,570,610,690,690,690
GET,/auth/find-friends/,2596,0,52,69.0924499229584,43,550,1974.0,2.26028369780596,0.0,52,57,69,84,130,150,190,230,300,550,550
GET,/auth/login/,1,0,118,118.0,118,118,2961.0,0.0008706793905261786,0.0,120,120,120,120,120,120,120,120,120,120,120
POST,/auth/login/,280,0,140,199.32142857142858,84,4251,10253.19642857143,0.24379022934733002,0.0,140,160,200,240,290,370,500,650,4300,4300,4300
GET,/auth/logout/,279,0,10,26.444444444444443,7,181,1712.0,0.24291954995680384,0.0,10,12,17,49,93,110,120,120,180,180,180
POST,/auth/modify-friend/,1298,0,68,85.87596302003082,57,350,1713.0,1.13014184890298,0.0,68,74,90,100,150,160,200,220,320,350,350
GET,/public/,1299,0,100,127.10623556581986,85,3163,10213.299461123941,1.1310125282935062,0.0,100,120,130,140,190,230,280,330,460,3200,3200
,Aggregated,7894,0,96,106.4714973397517,7,4251,5848.522295414238,6.873143108813655,0.0,96,110,120,140,190,250,310,380,600,4300,4300
