Type,Name,Request Count,Failure Count,Median Response Time,Average Response Time,Min Response Time,Max Response Time,Average Content Size,Requests/s,Failures/s,50%,66%,75%,80%,90%,95%,98%,99%,99.9%,99.99%,100%
GET,/,1861,0,91,138.64965072541645,62,5370,10380.314347125202,1.617404579774504,0.0,91,110,130,140,190,270,360,610,4500,5400,5400
POST,/,277,0,220,316.28880866425993,87,4551,10370.270758122744,0.24074211101425988,0.0,220,270,310,340,410,530,680,3800,4600,4600,4600
GET,/auth/find-friends/,2554,0,41,77.33946750195771,32,8398,1974.0,2.219694409857111,0.0,41,56,71,88,120,190,270,320,3600,8400,8400
GET,/auth/login/,1,0,22,22.0,22,22,2961.0,0.0008691050939142956,0.0,22,22,22,22,22,22,22,22,22,22,22
POST,/auth/login/,257,0,120,176.69649805447472,87,1814,10371.665369649805,0.22336000913597398,0.0,120,170,200,230,300,380,480,600,1800,1800,1800
GET,/auth/logout/,256,0,12,33.265625,8,348,1712.0,0.22249090404205968,0.0,12,23,39,55,89,110,180,210,350,350,350
POST,/auth/modify-friend/,1277,0,49,76.5105716523101,42,3339,1713.0,1.1098472049285555,0.0,49,68,89,100,130,160,250,310,510,3300,3300
GET,/public/,1278,0,91,134.36071987480437,66,8526,10200.35758998435,1.1107163100224697,0.0,91,110,130,140,190,250,330,450,4500,8500,8500
,Aggregated,7761,0,77,111.65184898853241,8,8526,5870.6655070222905,6.745124633868849,0.0,77,96,110,130,190,260,350,480,3900,8500,8500
