Type,Name,Request Count,Failure Count,Median Response Time,Average Response Time,Min Response Time,Max Response Time,Average Content Size,Requests/s,Failures/s,50%,66%,75%,80%,90%,95%,98%,99%,99.9%,99.99%,100%
GET,/,1189,0,120,212.4869638351556,30,7996,10362.216989066443,1.0326622938599288,0.0,120,160,190,220,310,420,800,2900,5600,8000,8000
POST,/,177,0,270,490.51977401129943,80,9746,10275.915254237289,0.15372685114651588,0.0,270,340,430,480,690,1300,3900,6900,9700,9700,9700
GET,/auth/find-friends/,1656,0,72,135.21195652173913,21,7617,1974.0,1.4382579971674028,0.0,72,110,140,160,230,320,420,660,7000,7600,7600
GET,/auth/login/,1,0,161,161.0,161,161,2961.0,0.000868513283313649,0.0,160,160,160,160,160,160,160,160,160,160,160
POST,/auth/login/,162,0,220,588.1666666666666,78,7378,10356.339506172839,0.14069915189681115,0.0,230,320,430,510,940,2700,5900,6900,7400,7400,7400
GET,/auth/logout/,161,0,58,138.91304347826087,8,6042,1712.0,0.1398306386134975,0.0,58,98,130,140,220,360,480,1500,6000,6000,6000
POST,/auth/modify-friend/,828,0,76,116.39251207729468,25,3844,1713.0,0.7191289985837014,0.0,76,110,140,160,220,300,400,610,3800,3800,3800
GET,/public/,828,0,120,234.65579710144928,48,8971,10169.957729468599,0.7191289985837014,0.0,120,160,200,220,320,400,1300,3900,9000,9000,9000
,Aggregated,5002,0,100,194.29368252698922,8,9746,5838.437824870052,4.344303443134873,0.0,100,140,180,200,300,410,810,2600,7000,9700,9700
