Type,Name,Request Count,Failure Count,Median Response Time,Average Response Time,Min Response Time,Max Response Time,Average Content Size,Requests/s,Failures/s,50%,66%,75%,80%,90%,95%,98%,99%,99.9%,99.99%,100%
GET,/,694,0,290,348.4971181556196,40,2544,10308.840057636888,0.6027254852974813,0.0,300,400,470,520,660,830,1100,1400,2500,2500,2500
POST,/,115,0,670,721.6173913043478,93,4727,10223.078260869564,0.09987526053200338,0.0,670,790,900,1000,1300,1600,1800,2500,4700,4700,4700
GET,/auth/find-friends/,986,0,240,293.72008113590266,24,5042,1974.0,0.8563217989961333,0.0,240,340,400,430,570,720,890,1600,5000,5000,5000
GET,/auth/login/,1,0,160,160.0,160,160,2961.0,0.0008684805263652468,0.0,160,160,160,160,160,160,160,160,160,160,160
POST,/auth/login/,98,0,940,906.1020408163265,69,3183,10388.07142857143,0.08511109158379418,0.0,940,1200,1400,1500,1800,2000,2600,3200,3200,3200,3200
GET,/auth/logout/,97,0,230,269.69072164948454,8,1160,1712.0,0.08424261105742893,0.0,230,340,420,440,620,760,1000,1200,1200,1200,1200
POST,/auth/modify-friend/,493,0,250,285.5111561866126,29,1854,1713.0,0.4281608994980666,0.0,250,350,400,440,580,690,870,1000,1900,1900,1900
GET,/public/,493,0,300,351.13995943204867,57,8071,10139.058823529413,0.4281608994980666,0.0,300,400,460,500,620,710,870,960,8100,8100,8100
,Aggregated,2977,0,280,350.49983204568355,8,8071,5813.394020826336,2.5854665269893395,0.0,280,390,450,510,680,890,1400,1700,4700,8100,8100
