Type,Name,Request Count,Failure Count,Median Response Time,Average Response Time,Min Response Time,Max Response Time,Average Content Size,Requests/s,Failures/s,50%,66%,75%,80%,90%,95%,98%,99%,99.9%,99.99%,100%
GET,/,777,0,240,297.7155727155727,66,1393,10313.972972972973,0.677207105972322,0.0,240,340,400,450,600,730,1000,1100,1400,1400,1400
POST,/,128,0,520,654.625,76,4453,10326.734375,0.1115605013699578,0.0,520,740,930,1000,1200,1500,1600,2800,4500,4500,4500
GET,/auth/find-friends/,1072,0,190,247.4179104477612,32,1721,1974.0,0.9343191989733967,0.0,190,300,360,410,530,690,880,1100,1500,1700,1700
GET,/auth/login/,1,0,505,505.0,505,505,2961.0,0.0008715664169527954,0.0,500,500,500,500,500,500,500,500,500,500,500
POST,/auth/login/,122,0,680,854.0983606557377,90,3903,10298.459016393443,0.10633110286824103,0.0,700,1000,1300,1500,1800,2000,2500,3500,3900,3900,3900
GET,/auth/logout/,121,0,170,224.38842975206612,9,1601,1712.0,0.10545953645128824,0.0,170,270,330,370,520,570,780,870,1600,1600,1600
POST,/auth/modify-friend/,536,0,190,252.4160447761194,43,2874,1713.0,0.46715959948669833,0.0,190,300,360,390,510,640,920,1100,2900,2900,2900
GET,/public/,536,0,250,310.11380597014926,68,1613,10202.953358208955,0.46715959948669833,0.0,250,340,440,490,630,800,940,1100,1600,1600,1600
,Aggregated,3293,0,230,307.8411782569086,9,4453,5862.551776495597,2.870068211025555,0.0,230,340,410,470,640,860,1200,1500,2900,4500,4500
