Type,Name,Request Count,Failure Count,Median Response Time,Average Response Time,Min Response Time,Max Response Time,Average Content Size,Requests/s,Failures/s,50%,66%,75%,80%,90%,95%,98%,99%,99.9%,99.99%,100%
GET,/,907,0,220,285.9007717750827,64,1504,10329.760749724366,0.7871968325119162,0.0,220,290,350,390,530,660,800,950,1500,1500,1500
POST,/,130,0,580,700.5615384615385,114,2973,10366.33076923077,0.11282865295099129,0.0,580,700,810,940,1200,1600,2200,2700,3000,3000,3000
GET,/auth/find-friends/,1222,0,150,207.1554828150573,23,1264,1974.0,1.060589337739318,0.0,150,200,260,310,440,570,780,950,1200,1300,1300
GET,/auth/login/,1,0,47,47.0,47,47,2961.0,0.0008679127150076252,0.0,47,47,47,47,47,47,47,47,47,47,47
POST,/auth/login/,127,0,400,550.8818897637796,104,1848,9949.653543307086,0.11022491480596841,0.0,400,530,760,860,1300,1500,1800,1800,1800,1800,1800
GET,/auth/logout/,126,0,100,151.63492063492063,8,1138,1712.0,0.10935700209096079,0.0,100,150,210,270,370,500,640,830,1100,1100,1100
POST,/auth/modify-friend/,611,0,180,231.54337152209493,28,1190,1713.0,0.530294668869659,0.0,180,230,280,330,470,620,840,910,1200,1200,1200
GET,/public/,613,0,220,290.3866231647635,55,1328,10175.706362153343,0.5320304942996743,0.0,220,280,360,410,560,720,890,1100,1300,1300,1300
,Aggregated,3737,0,190,270.83864062081886,8,2973,5859.131388814557,3.2433898159834955,0.0,190,270,340,400,550,730,980,1200,2000,3000,3000
