Type,Name,Request Count,Failure Count,Median Response Time,Average Response Time,Min Response Time,Max Response Time,Average Content Size,Requests/s,Failures/s,50%,66%,75%,80%,90%,95%,98%,99%,99.9%,99.99%,100%
GET,/,905,0,200,298.84640883977903,45,8407,10347.861878453039,0.7860506799209414,0.0,200,270,320,350,450,620,1000,2400,8400,8400,8400
POST,/,120,0,400,565.125,81,7214,10340.333333333334,0.1042277144646552,0.0,400,600,660,710,920,1200,2600,4300,7200,7200,7200
GET,/auth/find-friends/,1250,0,120,212.6144,21,7674,1974.0,1.085705359006825,0.0,120,200,240,270,380,490,780,2200,5800,7700,7700
GET,/auth/login/,1,0,82,82.0,82,82,2961.0,0.00086856428720546,0.0,82,82,82,82,82,82,82,82,82,82,82
POST,/auth/login/,130,0,380,676.4,50,6891,10081.761538461538,0.1129133573367098,0.0,400,610,830,980,1300,2800,4100,4300,6900,6900,6900
GET,/auth/logout/,129,0,86,133.3798449612403,8,1445,1712.0,0.11204479304950435,0.0,86,130,180,210,280,370,720,740,1400,1400,1400
POST,/auth/modify-friend/,625,0,130,206.2496,25,9198,1713.0,0.5428526795034125,0.0,130,200,240,270,370,460,640,1100,9200,9200,9200
GET,/public/,626,0,180,271.14696485623006,52,5517,10156.857827476038,0.5437212437906179,0.0,180,260,310,350,470,590,770,2200,5500,5500,5500
,Aggregated,3786,0,170,266.21843634442683,8,9198,5820.499471737982,3.288384391359872,0.0,170,240,290,330,450,640,1000,2700,7700,9200,9200
