Type,Name,Request Count,Failure Count,Median Response Time,Average Response Time,Min Response Time,Max Response Time,Average Content Size,Requests/s,Failures/s,50%,66%,75%,80%,90%,95%,98%,99%,99.9%,99.99%,100%
GET,/,716,0,290,400.2918994413408,95,2062,10291.656424581006,0.6215982310666065,0.0,290,400,510,580,780,1000,1300,1600,2100,2100,2100
POST,/,102,0,700,891.2843137254902,215,2166,10341.686274509804,0.08855170330837131,0.0,710,960,1200,1300,1800,1900,2000,2000,2200,2200,2200
GET,/auth/find-friends/,1055,0,150,235.63412322274883,56,1657,1974.0,0.9159024214738406,0.0,150,230,290,350,500,670,910,1100,1400,1700,1700
GET,/auth/login/,1,0,35,35.0,35,35,2961.0,0.0008681539540036404,0.0,35,35,35,35,35,35,35,35,35,35,35
POST,/auth/login/,101,0,360,666.7227722772277,180,2820,10341.712871287129,0.08768354935436767,0.0,360,650,870,1200,1600,2000,2500,2700,2800,2800,2800
GET,/auth/logout/,100,0,98,209.04,8,1394,1712.0,0.08681539540036404,0.0,100,200,310,360,560,940,1400,1400,1400,1400,1400
POST,/auth/modify-friend/,527,0,190,275.2846299810247,81,1968,1713.0,0.4575171337599185,0.0,190,290,340,400,540,710,940,1200,2000,2000,2000
GET,/public/,528,0,270,342.07575757575756,119,2185,10175.549242424242,0.4583852877139221,0.0,270,360,410,450,610,780,1100,1300,2200,2200,2200
,Aggregated,3130,0,230,332.29488817891377,8,2820,5750.914696485623,2.717321876031394,0.0,230,320,400,480,680,940,1300,1600,2400,2800,2800
