Type,Name,Request Count,Failure Count,Median Response Time,Average Response Time,Min Response Time,Max Response Time,Average Content Size,Requests/s,Failures/s,50%,66%,75%,80%,90%,95%,98%,99%,99.9%,99.99%,100%
GET,/,512,0,390,464.546875,81,5087,10282.26953125,0.446478510270559,0.0,390,490,540,580,740,910,1300,1600,5100,5100,5100
POST,/,69,0,760,822.7536231884058,217,2009,10312.028985507246,0.060169955485680805,0.0,760,910,990,1100,1100,1400,1800,2000,2000,2000,2000
GET,/auth/find-friends/,768,0,330,402.62109375,35,5158,1974.0,0.6697177654058386,0.0,330,410,470,510,700,900,1200,1700,5200,5200,5200
GET,/auth/login/,1,0,413,413.0,413,413,2961.0,0.0008720283403721856,0.0,410,410,410,410,410,410,410,410,410,410,410
POST,/auth/login/,75,0,1200,1313.0666666666666,137,5476,10228.16,0.06540212552791393,0.0,1200,1400,1600,1700,2000,2400,3500,5500,5500,5500,5500
GET,/auth/logout/,74,0,340,361.9864864864865,26,1237,1712.0,0.06453009718754174,0.0,340,390,460,480,640,720,930,1200,1200,1200,1200
POST,/auth/modify-friend/,384,0,340,384.6484375,44,3560,1713.0,0.3348588827029193,0.0,340,410,460,490,580,740,1100,1700,3600,3600,3600
GET,/public/,384,0,410,485.5911458333333,83,3671,10210.997395833334,0.3348588827029193,0.0,410,480,540,600,740,980,1700,2700,3700,3700,3700
,Aggregated,2267,0,380,469.20291133656815,26,5476,5720.185266872519,1.9768882476237448,0.0,380,460,530,590,820,1100,1600,2100,5100,5500,5500
