Type,Name,Request Count,Failure Count,Median Response Time,Average Response Time,Min Response Time,Max Response Time,Average Content Size,Requests/s,Failures/s,50%,66%,75%,80%,90%,95%,98%,99%,99.9%,99.99%,100%
GET,/,1168,0,220,241.31078767123287,84,1283,10371.63698630137,1.0166360290470764,0.0,220,230,250,280,360,430,500,570,1000,1300,1300
POST,/,168,0,580,584.3392857142857,205,1071,10405.863095238095,0.1462284699314288,0.0,580,610,630,690,780,900,1000,1100,1100,1100,1100
GET,/auth/find-friends/,1568,0,110,138.1575255102041,69,900,1974.0,1.3647990526933356,0.0,110,110,130,170,250,320,400,530,820,900,900
GET,/auth/login/,1,0,20,20.0,20,20,2961.0,0.0008704075591156477,0.0,20,20,20,20,20,20,20,20,20,20,20
POST,/auth/login/,149,0,280,345.2751677852349,201,1470,10325.885906040268,0.1296907263082315,0.0,280,320,360,400,540,690,1100,1200,1500,1500,1500
GET,/auth/logout/,148,0,11,44.108108108108105,8,249,1712.0,0.12882031874911584,0.0,11,14,53,84,160,190,220,220,250,250,250
POST,/auth/modify-friend/,784,0,160,178.2283163265306,97,972,1713.0,0.6823995263466678,0.0,160,160,170,200,280,370,480,560,970,970,970
GET,/public/,784,0,220,241.21811224489795,139,1131,10210.636479591836,0.6823995263466678,0.0,220,230,250,280,340,430,540,680,1100,1100,1100
,Aggregated,4770,0,180,206.18259958071278,8,1470,5891.093081761006,4.1518440569816395,0.0,180,220,240,260,360,470,610,740,1100,1500,1500
