Type,Name,Request Count,Failure Count,Median Response Time,Average Response Time,Min Response Time,Max Response Time,Average Content Size,Requests/s,Failures/s,50%,66%,75%,80%,90%,95%,98%,99%,99.9%,99.99%,100%
GET,/,1770,0,130,141.08870056497176,39,1539,10369.976836158192,1.5382411661519046,0.0,130,140,160,170,240,280,350,420,1400,1500,1500
POST,/,253,0,320,319.82213438735175,123,858,10320.07509881423,0.21987288985109146,0.0,320,350,360,390,520,600,640,740,860,860,860
GET,/auth/find-friends/,2494,0,65,78.02967121090617,24,772,1974.0,2.1674426375044353,0.0,65,71,92,100,150,200,240,310,490,770,770
GET,/auth/login/,1,0,40,40.0,40,40,2961.0,0.0008690628057355394,0.0,40,40,40,40,40,40,40,40,40,40,40
POST,/auth/login/,248,0,170,190.875,65,902,10366.850806451614,0.21552757582241375,0.0,170,200,230,240,300,400,520,550,900,900,900
GET,/auth/logout/,247,0,12,36.587044534412954,8,366,1712.0,0.2146585130166782,0.0,12,25,41,63,99,140,210,240,370,370,370
POST,/auth/modify-friend/,1247,0,89,94.50761828388131,28,980,1713.0,1.0837213187522177,0.0,89,95,110,120,180,220,260,310,420,980,980
GET,/public/,1247,0,130,140.69125902165197,52,1710,10189.88532477947,1.0837213187522177,0.0,130,140,160,180,250,280,360,440,640,1700,1700
,Aggregated,7507,0,91,116.55188490741975,8,1710,5825.056080991075,6.524054482656694,0.0,91,130,140,160,220,280,360,460,830,1700,1700
