Type,Name,Request Count,Failure Count,Median Response Time,Average Response Time,Min Response Time,Max Response Time,Average Content Size,Requests/s,Failures/s,50%,66%,75%,80%,90%,95%,98%,99%,99.9%,99.99%,100%
GET,/,1615,0,100,145.215479876161,25,4936,10349.14613003096,1.4084581604984157,0.0,100,140,160,180,260,330,450,790,3400,4900,4900
POST,/,239,0,220,313.40585774058576,91,3158,10399.259414225942,0.20843436554744355,0.0,220,330,380,440,530,630,970,1200,3200,3200,3200
GET,/auth/find-friends/,2245,0,49,89.30779510022272,21,2512,1974.0,1.9578876596402124,0.0,49,77,100,120,190,280,430,500,1600,2500,2500
GET,/auth/login/,1,0,42,42.0,42,42,2961.0,0.0008721103160980901,0.0,42,42,42,42,42,42,42,42,42,42,42
POST,/auth/login/,243,0,160,301.3333333333333,66,4619,10372.33744855967,0.2119228068118359,0.0,160,230,310,370,700,880,1800,2500,4600,4600,4600
GET,/auth/logout/,242,0,20,59.6198347107438,8,534,1712.0,0.21105069649573782,0.0,20,57,74,92,160,210,340,460,530,530,530
POST,/auth/modify-friend/,1122,0,56,98.93226381461676,25,3144,1713.0,0.9785077746620572,0.0,56,91,120,130,200,290,400,510,3000,3100,3100
GET,/public/,1123,0,100,151.09171861086375,47,2893,10218.92341941229,0.9793798849781552,0.0,100,140,160,190,270,360,540,800,2700,2900,2900
,Aggregated,6830,0,82,128.59370424597364,8,4936,5851.611127379209,5.9565134589499555,0.0,82,120,150,170,260,360,520,750,2900,4900,4900
