Type,Name,Request Count,Failure Count,Median Response Time,Average Response Time,Min Response Time,Max Response Time,Average Content Size,Requests/s,Failures/s,50%,66%,75%,80%,90%,95%,98%,99%,99.9%,99.99%,100%
GET,/,1312,0,170,189.4908536585366,78,714,10384.147103658537,1.142701491086622,0.0,170,200,220,240,300,390,480,560,710,710,710
POST,/,184,0,420,444.9673913043478,189,1056,10445.53804347826,0.1602569164328799,0.0,420,500,550,600,700,740,870,950,1100,1100,1100
GET,/auth/find-friends/,1912,0,84,111.42311715481172,38,730,1974.0,1.6652783924981869,0.0,84,100,130,150,210,290,400,470,730,730,730
GET,/auth/login/,1,0,163,163.0,163,163,2961.0,0.0008709615023526083,0.0,160,160,160,160,160,160,160,160,160,160,160
POST,/auth/login/,200,0,230,296.43,107,3887,10355.885,0.17419230047052164,0.0,230,270,320,380,530,640,870,1100,3900,3900,3900
GET,/auth/logout/,200,0,12,47.275,8,338,1712.0,0.17419230047052164,0.0,12,18,60,96,150,220,260,310,340,340,340
POST,/auth/modify-friend/,956,0,120,137.99372384937237,51,784,1713.0,0.8326391962490934,0.0,120,140,160,180,240,320,410,520,780,780,780
GET,/public/,956,0,170,192.13912133891213,78,1010,10216.23849372385,0.8326391962490934,0.0,170,200,220,240,310,390,540,570,1000,1000,1000
,Aggregated,5721,0,130,162.2160461457787,8,3887,5792.895997203286,4.9827707549592715,0.0,130,170,200,220,300,410,540,610,950,3900,3900
