Type,Name,Request Count,Failure Count,Median Response Time,Average Response Time,Min Response Time,Max Response Time,Average Content Size,Requests/s,Failures/s,50%,66%,75%,80%,90%,95%,98%,99%,99.9%,99.99%,100%
GET,/,742,0,290,359.177897574124,108,2000,10378.076819407008,0.6463406263369413,0.0,290,380,420,480,640,830,1200,1400,2000,2000,2000
POST,/,102,0,680,761.0294117647059,274,2851,10348.5,0.08885005914604854,0.0,680,840,950,1000,1200,1400,2000,2100,2900,2900,2900
GET,/auth/find-friends/,1064,0,180,255.9313909774436,53,2014,1974.0,0.9268280679548593,0.0,180,270,310,380,520,690,950,1100,1900,2000,2000
GET,/auth/login/,1,0,494,494.0,494,494,2961.0,0.00087107901123577,0.0,490,490,490,490,490,490,490,490,490,490,490
POST,/auth/login/,105,0,490,631.047619047619,140,2928,10203.352380952381,0.09146329617975585,0.0,490,610,740,840,1200,1900,2700,2700,2900,2900,2900
GET,/auth/logout/,104,0,120,184.7403846153846,8,1587,1712.0,0.09059221716852008,0.0,130,190,210,290,410,500,920,950,1600,1600,1600
POST,/auth/modify-friend/,531,0,220,279.32015065913373,72,1592,1713.0,0.46254295496619385,0.0,220,300,340,380,570,700,900,1100,1600,1600,1600
GET,/public/,532,0,280,339.1203007518797,107,1513,10211.966165413534,0.46341403397742964,0.0,280,370,420,460,600,780,1000,1100,1500,1500,1500
,Aggregated,3181,0,250,324.1571832756995,8,2928,5800.423137378183,2.7709023347409842,0.0,250,340,400,450,640,840,1100,1400,2700,2900,2900
