Type,Name,Request Count,Failure Count,Median Response Time,Average Response Time,Min Response Time,Max Response Time,Average Content Size,Requests/s,Failures/s,50%,66%,75%,80%,90%,95%,98%,99%,99.9%,99.99%,100%
GET,/,1271,0,190,215.0354051927616,84,911,10374.74665617624,1.0186266459067677,0.0,190,230,270,280,340,410,500,580,710,910,910
POST,/,165,0,500,522.6909090909091,117,1558,10395.127272727274,0.13223713341826646,0.0,500,560,630,670,760,890,1100,1500,1600,1600,1600
GET,/auth/find-friends/,1874,0,100,136.31163287086446,41,5731,1974.0,1.501893260762614,0.0,100,140,170,190,240,310,400,470,820,5700,5700
GET,/auth/login/,1,0,52,52.0,52,52,2961.0,0.0008014371722319179,0.0,52,52,52,52,52,52,52,52,52,52,52
POST,/auth/login/,188,0,240,314.5585106382979,114,1154,10348.654255319148,0.15067018837960056,0.0,240,330,350,400,600,730,970,1100,1200,1200,1200
GET,/auth/logout/,188,0,13,57.27127659574468,8,401,1712.0,0.15067018837960056,0.0,13,59,89,96,150,200,320,390,400,400,400
POST,/auth/modify-friend/,937,0,130,161.059765208111,54,896,1713.0,0.750946630381307,0.0,130,170,200,220,270,330,440,480,900,900,900
GET,/public/,937,0,180,217.65528281750267,85,984,10219.33084311633,0.750946630381307,0.0,180,220,270,280,350,420,560,600,980,980,980
,Aggregated,5561,0,150,186.98327638913864,8,5731,5763.663549721273,4.456792114781695,0.0,150,200,230,260,330,430,570,680,1100,5700,5700
