Type,Name,Request Count,Failure Count,Median Response Time,Average Response Time,Min Response Time,Max Response Time,Average Content Size,Requests/s,Failures/s,50%,66%,75%,80%,90%,95%,98%,99%,99.9%,99.99%,100%
GET,/,603,0,360,418.60696517412936,61,3034,10353.22056384743,0.4839708817432157,0.0,360,460,530,580,680,820,1100,1700,3000,3000,3000
POST,/,88,0,660,768.5568181818181,104,2160,10402.988636363636,0.07062924974030345,0.0,690,880,1100,1100,1300,1400,1800,2200,2200,2200,2200
GET,/auth/find-friends/,922,0,320,369.9110629067245,26,4022,1974.0,0.7400019120518156,0.0,320,410,480,510,660,780,1100,1500,4000,4000,4000
GET,/auth/login/,1,0,282,282.0,282,282,2961.0,0.0008026051106852665,0.0,280,280,280,280,280,280,280,280,280,280,280
POST,/auth/login/,84,0,870,1043.3809523809523,83,2908,10176.714285714286,0.06741882929756238,0.0,930,1200,1400,1600,2000,2300,2700,2900,2900,2900,2900
GET,/auth/logout/,84,0,240,305.75,14,3056,1712.0,0.06741882929756238,0.0,240,320,370,390,560,640,1100,3100,3100,3100,3100
POST,/auth/modify-friend/,461,0,320,365.50108459869847,30,2658,1713.0,0.3700009560259078,0.0,320,400,470,500,660,760,890,1300,2700,2700,2700
GET,/public/,461,0,380,454.1691973969631,67,4124,10221.665943600869,0.3700009560259078,0.0,380,480,550,610,770,980,1300,2200,4100,4100,4100
,Aggregated,2704,0,340,426.25295857988164,14,4124,5725.5832100591715,2.1702442192929605,0.0,340,460,520,580,740,1000,1400,1800,3100,4100,4100
