Type,Name,Request Count,Failure Count,Median Response Time,Average Response Time,Min Response Time,Max Response Time,Average Content Size,Requests/s,Failures/s,50%,66%,75%,80%,90%,95%,98%,99%,99.9%,99.99%,100%
GET,/,1201,0,170,230.7685262281432,56,3357,10310.000832639467,0.9661808250795548,0.0,170,220,270,310,420,560,730,1000,2400,3400,3400
POST,/,188,0,380,475.97340425531917,142,1582,10307.196808510638,0.15124229401744904,0.0,380,480,580,630,860,1200,1500,1600,1600,1600,1600
GET,/auth/find-friends/,1656,0,96,151.09782608695653,24,1433,1974.0,1.3322193558132747,0.0,96,150,180,210,330,450,600,720,1100,1400,1400
GET,/auth/login/,1,0,258,258.0,258,258,2961.0,0.0008044802873268566,0.0,260,260,260,260,260,260,260,260,260,260,260
POST,/auth/login/,186,0,260,394.7043010752688,82,6097,10099.779569892473,0.14963333344279534,0.0,270,380,440,500,710,1000,1300,2400,6100,6100,6100
GET,/auth/logout/,185,0,58,94.88108108108108,8,766,1712.0,0.14882885315546848,0.0,58,110,120,140,250,360,430,540,770,770,770
POST,/auth/modify-friend/,828,0,120,174.57004830917873,29,2546,1713.0,0.6661096779066373,0.0,120,170,210,230,350,470,630,710,2500,2500,2500
GET,/public/,828,0,170,224.3925120772947,58,3263,10235.21618357488,0.6661096779066373,0.0,170,210,250,280,400,530,700,840,3300,3300,3300
,Aggregated,5073,0,150,204.6956436033905,8,6097,5850.654642223536,4.081128497609144,0.0,150,200,250,280,420,560,750,940,2400,6100,6100
