Type,Name,Request Count,Failure Count,Median Response Time,Average Response Time,Min Response Time,Max Response Time,Average Content Size,Requests/s,Failures/s,50%,66%,75%,80%,90%,95%,98%,99%,99.9%,99.99%,100%
GET,/,1846,0,110,155.00866738894908,52,7325,10349.23781148429,1.4879684721733053,0.0,110,140,150,170,220,280,380,520,6500,7300,7300
POST,/,274,0,270,315.4890510948905,72,4843,10336.29197080292,0.22085772555551766,0.0,270,330,350,370,480,620,740,920,4800,4800,4800
GET,/auth/find-friends/,2504,0,55,92.1150159744409,22,11897,1974.0,2.0183494335438548,0.0,55,75,99,110,140,200,270,330,4900,12000,12000
GET,/auth/login/,1,0,42,42.0,42,42,2961.0,0.0008060500932683127,0.0,42,42,42,42,42,42,42,42,42,42,42
POST,/auth/login/,240,0,170,262.84583333333336,72,4201,10354.970833333333,0.19345202238439504,0.0,170,230,260,290,380,510,1100,3600,4200,4200,4200
GET,/auth/logout/,239,0,18,48.8326359832636,8,364,1712.0,0.19264597229112673,0.0,18,46,71,86,130,170,220,270,360,360,360
POST,/auth/modify-friend/,1252,0,72,90.85463258785943,26,1956,1713.0,1.0091747167719274,0.0,72,92,110,130,170,220,280,330,560,2000,2000
GET,/public/,1252,0,110,142.10623003194888,49,7507,10215.09984025559,1.0091747167719274,0.0,110,140,150,170,210,280,340,450,3000,7500,7500
,Aggregated,7608,0,90,127.45912197686646,8,11897,5876.844900105152,6.132429109585323,0.0,90,120,140,160,220,290,380,510,4700,12000,12000
