Type,Name,Request Count,Failure Count,Median Response Time,Average Response Time,Min Response Time,Max Response Time,Average Content Size,Requests/s,Failures/s,50%,66%,75%,80%,90%,95%,98%,99%,99.9%,99.99%,100%
GET,/,735,0,200,360.3360544217687,34,8961,10209.511564625851,0.5888579767241123,0.0,200,290,360,410,570,790,2000,4500,9000,9000,9000
POST,/,103,0,410,708.7281553398059,129,10137,10256.601941747573,0.08252023347290281,0.0,410,560,670,830,1100,1500,5000,6400,10000,10000,10000
GET,/auth/find-friends/,962,0,150,310.5446985446985,22,8571,1974.0,0.7707229572906069,0.0,150,230,310,360,520,740,2400,4300,8600,8600,8600
GET,/auth/login/,1,0,96,96.0,96,96,2961.0,0.0008011673152709012,0.0,96,96,96,96,96,96,96,96,96,96,96
POST,/auth/login/,108,0,530,1139.5648148148148,75,6896,10085.268518518518,0.08652607004925733,0.0,550,900,1200,1600,3600,4900,5900,6000,6900,6900,6900
GET,/auth/logout/,108,0,120,332.50925925925924,8,7995,1712.0,0.08652607004925733,0.0,120,200,280,340,570,640,1500,6600,8000,8000,8000
POST,/auth/modify-friend/,481,0,160,296.07068607068607,25,6345,1713.0,0.38536147864530346,0.0,160,260,330,360,480,620,1400,5000,6300,6300,6300
GET,/public/,481,0,220,398.6777546777547,52,7808,10207.81496881497,0.38536147864530346,0.0,220,320,380,440,600,870,3700,5000,7800,7800,7800
,Aggregated,2979,0,190,379.26955354145684,8,10137,5864.513930849278,2.3866774321920143,0.0,190,290,370,420,610,910,3600,5000,8600,10000,10000
