Type,Name,Request Count,Failure Count,Median Response Time,Average Response Time,Min Response Time,Max Response Time,Average Content Size,Requests/s,Failures/s,50%,66%,75%,80%,90%,95%,98%,99%,99.9%,99.99%,100%
GET,/,979,0,160,261.8682328907048,52,3513,10301.253319713995,0.7842508286180588,0.0,160,280,360,420,570,700,930,1200,3500,3500,3500
POST,/,131,0,350,530.6259541984733,133,2355,10249.625954198473,0.10494061138811615,0.0,350,550,720,810,1100,1400,1700,1900,2400,2400,2400
GET,/auth/find-friends/,1424,0,120,202.73665730337078,24,2668,1974.0,1.1407284779899038,0.0,120,230,300,360,480,600,840,920,1800,2700,2700
GET,/auth/login/,1,0,202,202.0,202,202,2961.0,0.0008010733693749325,0.0,200,200,200,200,200,200,200,200,200,200,200
POST,/auth/login/,153,0,240,574.1176470588235,75,6174,10320.67320261438,0.12256422551436466,0.0,240,600,960,1100,1400,1700,1900,2500,6200,6200,6200
GET,/auth/logout/,152,0,70,154.32894736842104,8,1308,1712.0,0.12176315214498973,0.0,71,180,230,250,410,620,720,830,1300,1300,1300
POST,/auth/modify-friend/,712,0,130,216.24157303370785,28,2418,1713.0,0.5703642389949519,0.0,130,240,310,360,490,620,820,960,2400,2400,2400
GET,/public/,712,0,170,277.76544943820227,54,4478,10191.77808988764,0.5703642389949519,0.0,170,300,380,440,580,780,1000,1100,4500,4500,4500
,Aggregated,4264,0,160,252.76993433395873,8,6174,5759.159005628518,3.415776847014712,0.0,160,270,350,400,560,760,1100,1300,2500,6200,6200
