Type,Name,Request Count,Failure Count,Median Response Time,Average Response Time,Min Response Time,Max Response Time,Average Content Size,Requests/s,Failures/s,50%,66%,75%,80%,90%,95%,98%,99%,99.9%,99.99%,100%
GET,/,2055,0,110,127.71338199513382,41,584,10422.021411192214,1.6546814235659133,0.0,110,130,150,160,190,230,310,350,460,580,580
POST,/,265,0,270,313.8188679245283,85,749,10387.890566037735,0.21337740985156545,0.0,270,330,380,410,460,540,590,680,750,750,750
GET,/auth/find-friends/,2870,0,51,69.79930313588851,37,441,1974.0,2.310917608581105,0.0,52,66,79,83,120,150,220,260,360,440,440
GET,/auth/login/,1,0,22,22.0,22,22,2961.0,0.0008051977730247753,0.0,22,22,22,22,22,22,22,22,22,22,22
POST,/auth/login/,292,0,150,185.33219178082192,84,784,10401.856164383562,0.23511774972323438,0.0,150,200,210,230,290,360,450,570,780,780,780
GET,/auth/logout/,292,0,11,29.006849315068493,8,378,1712.0,0.23511774972323438,0.0,11,12,16,39,83,110,210,280,380,380,380
POST,/auth/modify-friend/,1435,0,67,86.01602787456446,48,455,1713.0,1.1554588042905525,0.0,67,84,110,110,130,160,240,270,430,460,460
GET,/public/,1435,0,110,129.90801393728222,75,510,10220.931707317073,1.1554588042905525,0.0,110,130,160,160,190,240,310,340,400,510,510
,Aggregated,8645,0,91,106.23447079236553,8,784,5841.622209369578,6.9609347477991825,0.0,91,110,130,140,190,250,330,390,590,780,780
