Type,Name,Request Count,Failure Count,Median Response Time,Average Response Time,Min Response Time,Max Response Time,Average Content Size,Requests/s,Failures/s,50%,66%,75%,80%,90%,95%,98%,99%,99.9%,99.99%,100%
GET,/,718,0,250,403.3844011142061,41,6873,10188.934540389972,0.5751935549936134,0.0,250,360,430,490,650,870,2500,5200,6900,6900,6900
POST,/,114,0,510,753.2017543859649,127,7176,9919.90350877193,0.09132599619675755,0.0,510,770,940,1000,1300,1500,4000,5500,7200,7200,7200
GET,/auth/find-friends/,930,0,180,343.43655913978495,21,9514,1974.0,0.7450278637103905,0.0,180,280,370,420,570,720,2300,4500,9500,9500,9500
GET,/auth/login/,1,0,54,54.0,54,54,2961.0,0.0008011052297961189,0.0,54,54,54,54,54,54,54,54,54,54,54
POST,/auth/login/,91,0,790,1387.3626373626373,78,12609,10391.186813186812,0.07290057591144682,0.0,790,960,1300,1600,3000,6400,7100,13000,13000,13000,13000
GET,/auth/logout/,90,0,170,249.61111111111111,8,2143,1712.0,0.07209947068165069,0.0,180,260,320,350,530,770,1100,2100,2100,2100,2100
POST,/auth/modify-friend/,465,0,180,271.6989247311828,26,5756,1713.0,0.37251393185519527,0.0,180,250,320,370,490,620,860,2900,5800,5800,5800
GET,/public/,466,0,240,381.14163090128756,56,8000,10181.5,0.3733150370849914,0.0,240,340,420,480,640,800,2200,3500,8000,8000,8000
,Aggregated,2875,0,220,399.1693913043478,8,12609,5887.341565217392,2.3031775356638415,0.0,220,330,420,480,670,990,2700,5300,8800,13000,13000
