Type,Name,Request Count,Failure Count,Median Response Time,Average Response Time,Min Response Time,Max Response Time,Average Content Size,Requests/s,Failures/s,50%,66%,75%,80%,90%,95%,98%,99%,99.9%,99.99%,100%
GET,/,629,0,270,466.44197138314786,44,11815,10171.074721780604,0.5047186189113704,0.0,270,360,460,500,660,950,3700,5100,12000,12000,12000
POST,/,88,0,540,810.0454545454545,161,6968,10218.863636363636,0.07061246178728234,0.0,550,730,900,980,1300,2100,3900,7000,7000,7000,7000
GET,/auth/find-friends/,828,0,220,374.280193236715,22,11088,1974.0,0.6643990722712475,0.0,220,300,380,420,560,720,3300,4900,11000,11000,11000
GET,/auth/login/,1,0,179,179.0,179,179,2961.0,0.0008024143384918448,0.0,180,180,180,180,180,180,180,180,180,180,180
POST,/auth/login/,89,0,800,1555.3033707865168,88,7927,10362.696629213484,0.07141487612577418,0.0,800,1300,1800,2500,4800,5700,6600,7900,7900,7900,7900
GET,/auth/logout/,88,0,220,257.34090909090907,8,736,1712.0,0.07061246178728234,0.0,220,310,380,420,530,580,720,740,740,740,740
POST,/auth/modify-friend/,414,0,210,349.963768115942,26,7613,1713.0,0.33219953613562375,0.0,210,300,360,390,520,690,1900,4900,7600,7600,7600
GET,/public/,414,0,260,406.8478260869565,67,5008,10226.71497584541,0.33219953613562375,0.0,260,340,410,480,640,910,3100,3900,5000,5000,5000
,Aggregated,2551,0,260,450.46922775382205,8,11815,5860.5554684437475,2.046958977492696,0.0,260,350,430,490,690,1100,3700,5100,8500,12000,12000
