Type,Name,Request Count,Failure Count,Median Response Time,Average Response Time,Min Response Time,Max Response Time,Average Content Size,Requests/s,Failures/s,50%,66%,75%,80%,90%,95%,98%,99%,99.9%,99.99%,100%
GET,/,1428,0,100,178.35714285714286,56,3749,10316.810224089635,1.1427018663293986,0.0,100,140,170,210,370,550,760,1000,3200,3700,3700
POST,/,207,0,250,353.8695652173913,87,2911,10245.550724637682,0.16564375793430358,0.0,250,290,360,440,740,910,1200,1300,2900,2900,2900
GET,/auth/find-friends/,1938,0,51,144.13828689370484,25,4782,1974.0,1.5508096757327552,0.0,51,94,130,190,360,520,800,1100,4100,4800,4800
GET,/auth/login/,1,0,55,55.0,55,55,2961.0,0.0008002113909869738,0.0,55,55,55,55,55,55,55,55,55,55,55
POST,/auth/login/,186,0,170,418.83870967741933,92,2926,10367.29569892473,0.14883931872357714,0.0,180,260,400,750,1100,1600,2100,2500,2900,2900,2900
GET,/auth/logout/,185,0,32,128.63783783783785,9,2148,1712.0,0.14803910733259015,0.0,32,76,110,180,380,570,880,1100,2100,2100,2100
POST,/auth/modify-friend/,969,0,66,149.13622291021673,29,4500,1713.0,0.7754048378663776,0.0,66,110,140,200,370,490,720,960,4500,4500,4500
GET,/public/,971,0,110,195.6076210092688,62,4717,10166.156539649846,0.7770052606483516,0.0,110,150,200,260,420,570,840,1000,4700,4700,4700
,Aggregated,5885,0,92,177.31350892098556,9,4782,5855.238572642311,4.709244035958341,0.0,92,130,190,240,400,570,910,1200,3700,4800,4800
