Type,Name,Request Count,Failure Count,Median Response Time,Average Response Time,Min Response Time,Max Response Time,Average Content Size,Requests/s,Failures/s,50%,66%,75%,80%,90%,95%,98%,99%,99.9%,99.99%,100%
GET,/,1215,0,160,224.27654320987654,43,3806,10389.920164609053,0.9776802489982358,0.0,160,220,280,320,440,600,840,1100,1700,3800,3800
POST,/,164,0,420,496.140243902439,121,1990,10484.134146341463,0.13196671673721042,0.0,420,580,670,730,1000,1200,1500,1800,2000,2000,2000
GET,/auth/find-friends/,1754,0,90,148.01539338654504,23,2087,1974.0,1.4114001290065066,0.0,90,150,190,230,340,440,580,790,1800,2100,2100
GET,/auth/login/,1,0,30,30.0,30,30,2961.0,0.0008046751020561612,0.0,30,30,30,30,30,30,30,30,30,30,30
POST,/auth/login/,191,0,250,402.89005235602093,71,2528,10324.382198952879,0.15369294449272677,0.0,250,400,560,630,920,1200,2000,2400,2500,2500,2500
GET,/auth/logout/,190,0,60,109.03684210526316,8,815,1712.0,0.15288826939067063,0.0,60,110,130,180,330,370,500,770,820,820,820
POST,/auth/modify-friend/,877,0,100,160.45381984036487,27,1348,1713.0,0.7057000645032533,0.0,100,170,200,230,360,480,610,770,1300,1300,1300
GET,/public/,877,0,150,206.20410490307867,49,1456,10219.281641961232,0.7057000645032533,0.0,150,210,260,300,420,530,700,850,1500,1500,1500
,Aggregated,5269,0,130,196.00303662934144,8,3806,5801.927500474473,4.239833112733913,0.0,130,190,250,290,430,580,820,1100,2000,3800,3800
