Type,Name,Request Count,Failure Count,Median Response Time,Average Response Time,Min Response Time,Max Response Time,Average Content Size,Requests/s,Failures/s,50%,66%,75%,80%,90%,95%,98%,99%,99.9%,99.99%,100%
GET,/,854,0,150,288.2002341920375,52,7630,10387.018735362997,0.6850812496437483,0.0,160,210,270,310,460,620,1200,4700,7600,7600,7600
POST,/,118,0,300,579.4406779661017,104,6181,10295.5,0.09465993847536568,0.0,300,410,540,680,930,1500,5300,5400,6200,6200,6200
GET,/auth/find-friends/,1290,0,98,227.31162790697675,20,9533,1974.0,1.03484170028154,0.0,98,160,210,250,380,520,920,4000,8600,9500,9500
GET,/auth/login/,1,0,81,81.0,81,81,2961.0,0.0008022028684353024,0.0,81,81,81,81,81,81,81,81,81,81,81
POST,/auth/login/,127,0,450,1051.732283464567,76,8195,10341.464566929133,0.1018797642912834,0.0,450,690,770,1100,2800,6100,7300,7400,8200,8200,8200
GET,/auth/logout/,126,0,130,183.54761904761904,7,1302,1712.0,0.1010775614228481,0.0,130,200,230,260,390,550,810,840,1300,1300,1300
POST,/auth/modify-friend/,645,0,100,215.646511627907,26,5338,1713.0,0.51742085014077,0.0,100,160,200,250,370,500,930,3700,5300,5300,5300
GET,/public/,645,0,150,312.8589147286822,50,6376,10227.376744186047,0.51742085014077,0.0,150,220,270,330,500,640,3600,4800,6400,6400,6400
,Aggregated,3806,0,140,290.4343142406726,7,9533,5744.988176563321,3.053184117264761,0.0,140,200,260,310,470,680,2600,4700,8000,9500,9500
