Type,Name,Request Count,Failure Count,Median Response Time,Average Response Time,Min Response Time,Max Response Time,Average Content Size,Requests/s,Failures/s,50%,66%,75%,80%,90%,95%,98%,99%,99.9%,99.99%,100%
GET,/,1724,0,100,159.42575406032483,36,6122,10401.350348027841,1.382602908888619,0.0,100,130,140,160,210,270,410,1600,5800,6100,6100
POST,/,264,0,240,325.17045454545456,76,4685,10406.371212121212,0.21172109509663306,0.0,240,280,320,340,460,570,950,2500,4700,4700,4700
GET,/auth/find-friends/,2560,0,51,81.77109375,24,4733,1974.0,2.0530530433612904,0.0,51,76,95,100,140,190,250,310,3700,4700,4700
GET,/auth/login/,1,0,24,24.0,24,24,2961.0,0.0008019738450630039,0.0,24,24,24,24,24,24,24,24,24,24,24
POST,/auth/login/,243,0,160,275.60493827160496,77,5017,10378.506172839507,0.19487964435030997,0.0,160,200,240,280,370,580,2100,3600,5000,5000,5000
GET,/auth/logout/,243,0,29,50.440329218106996,8,405,1712.0,0.19487964435030997,0.0,29,55,71,79,120,150,220,240,400,400,400
POST,/auth/modify-friend/,1280,0,66,97.04765625,29,3979,1713.0,1.0265265216806452,0.0,66,84,110,120,160,220,290,340,3100,4000,4000
GET,/public/,1280,0,100,158.384375,55,8349,10197.10546875,1.0265265216806452,0.0,100,130,140,160,210,280,360,640,7700,8300,8300
,Aggregated,7595,0,87,128.53653719552338,8,8349,5782.559447004608,6.090991353253515,0.0,87,110,130,140,200,270,380,580,4700,8300,8300
