Type,Name,Request Count,Failure Count,Median Response Time,Average Response Time,Min Response Time,Max Response Time,Average Content Size,Requests/s,Failures/s,50%,66%,75%,80%,90%,95%,98%,99%,99.9%,99.99%,100%
GET,/,793,0,270,357.5674653215637,139,1595,10349.219419924339,0.661728575976749,0.0,270,360,440,490,690,830,1000,1200,1600,1600,1600
POST,/,97,0,780,848.2268041237113,358,2429,10250.134020618556,0.08094283968441948,0.0,780,900,970,1100,1400,1900,2000,2400,2400,2400,2400
GET,/auth/find-friends/,1124,0,130,231.7099644128114,69,1357,1974.0,0.9379355856215206,0.0,130,230,310,360,530,700,850,960,1300,1400,1400
GET,/auth/login/,1,0,230,230.0,230,230,2961.0,0.0008344622647878297,0.0,230,230,230,230,230,230,230,230,230,230,230
POST,/auth/login/,117,0,340,591.1025641025641,180,3454,10391.0,0.09763208498017607,0.0,340,430,680,980,1400,1700,1800,3300,3500,3500,3500
GET,/auth/logout/,116,0,11,120.72413793103448,8,845,1712.0,0.09679762271538825,0.0,11,19,210,240,410,620,770,790,840,840,840
POST,/auth/modify-friend/,562,0,180,276.56761565836297,96,1097,1713.0,0.4689677928107603,0.0,180,280,360,410,580,720,880,960,1100,1100,1100
GET,/public/,562,0,260,363.62277580071174,137,1448,10214.416370106761,0.4689677928107603,0.0,260,370,460,500,710,900,1000,1100,1400,1400,1400
,Aggregated,3372,0,250,317.15628706998814,8,3454,5794.922301304863,2.8138067568645617,0.0,250,320,390,450,680,860,1100,1300,2000,3500,3500
