Type,Name,Request Count,Failure Count,Median Response Time,Average Response Time,Min Response Time,Max Response Time,Average Content Size,Requests/s,Failures/s,50%,66%,75%,80%,90%,95%,98%,99%,99.9%,99.99%,100%
GET,/,798,0,300,368.95238095238096,86,1711,10325.424812030074,0.6396590716100904,0.0,300,390,470,520,690,870,1100,1200,1700,1700,1700
POST,/,115,0,700,746.8173913043478,262,2189,10331.965217391304,0.0921814451568426,0.0,700,820,930,1000,1200,1500,1900,1900,2200,2200,2200
GET,/auth/find-friends/,1084,0,190,254.440036900369,41,1910,1974.0,0.8689103178262381,0.0,190,280,320,370,510,680,950,1100,1800,1900,1900
GET,/auth/login/,1,0,220,220.0,220,220,2961.0,0.0008015777839725444,0.0,220,220,220,220,220,220,220,220,220,220,220
POST,/auth/login/,118,0,530,721.4406779661017,144,2608,10378.93220338983,0.09458617850876024,0.0,540,780,960,1200,1600,2000,2400,2500,2600,2600,2600
GET,/auth/logout/,118,0,130,210.85593220338984,8,1447,1712.0,0.09458617850876024,0.0,140,220,330,350,480,720,990,1300,1400,1400,1400
POST,/auth/modify-friend/,542,0,240,284.6771217712177,52,1499,1713.0,0.43445515891311903,0.0,240,320,350,420,550,680,870,1000,1500,1500,1500
GET,/public/,542,0,290,365.08856088560884,81,1854,10223.452029520295,0.43445515891311903,0.0,300,380,460,520,670,850,1100,1300,1900,1900,1900
,Aggregated,3318,0,260,337.1081977094635,8,2608,5867.067209162145,2.6596350872209022,0.0,260,360,420,480,680,900,1200,1400,2300,2600,2600
