Type,Name,Request Count,Failure Count,Median Response Time,Average Response Time,Min Response Time,Max Response Time,Average Content Size,Requests/s,Failures/s,50%,66%,75%,80%,90%,95%,98%,99%,99.9%,99.99%,100%
GET,/,690,0,330,411.3159420289855,115,2396,10301.102898550726,0.5531583800409915,0.0,340,430,500,530,700,940,1400,1600,2400,2400,2400
POST,/,95,0,850,970.7473684210527,304,4101,10213.263157894737,0.07615948710709304,0.0,850,1000,1300,1400,1700,2100,2800,4100,4100,4100,4100
GET,/auth/find-friends/,980,0,230,286.7622448979592,55,2291,1974.0,0.7856452354205387,0.0,230,300,360,400,550,730,980,1100,2300,2300,2300
GET,/auth/login/,1,0,398,398.0,398,398,2961.0,0.0008016788116536109,0.0,400,400,400,400,400,400,400,400,400,400,400
POST,/auth/login/,110,0,600,802.9909090909091,180,3419,10348.945454545454,0.0881846692818972,0.0,610,870,1100,1300,1700,2100,2500,2700,3400,3400,3400
GET,/auth/logout/,109,0,150,226.74311926605503,9,1695,1712.0,0.08738299047024359,0.0,150,230,290,370,550,730,960,1000,1700,1700,1700
POST,/auth/modify-friend/,490,0,280,330.52244897959184,77,1604,1713.0,0.39282261771026933,0.0,280,350,420,450,600,810,960,1200,1600,1600,1600
GET,/public/,490,0,350,398.00204081632654,119,2059,10227.326530612245,0.39282261771026933,0.0,350,420,490,530,720,850,1100,1200,2100,2100,2100
,Aggregated,2965,0,290,380.2613827993255,9,4101,5798.062057335582,2.3769776765529564,0.0,290,390,470,520,720,960,1400,1700,2800,4100,4100
