Type,Name,Request Count,Failure Count,Median Response Time,Average Response Time,Min Response Time,Max Response Time,Average Content Size,Requests/s,Failures/s,50%,66%,75%,80%,90%,95%,98%,99%,99.9%,99.99%,100%
GET,/,1472,0,110,189.3892663043478,49,6468,10383.805027173914,1.1842542188075564,0.0,110,140,170,200,300,450,800,1700,5900,6500,6500
POST,/,215,0,270,401.2604651162791,89,5985,10270.004651162792,0.1729719137524624,0.0,270,330,410,440,660,980,1400,3900,6000,6000,6000
GET,/auth/find-friends/,2158,0,52,110.9666357738647,20,6515,1974.0,1.7361553017572737,0.0,52,78,98,120,190,300,580,860,5600,6500,6500
GET,/auth/login/,1,0,526,526.0,526,526,2961.0,0.0008045205290812204,0.0,530,530,530,530,530,530,530,530,530,530,530
POST,/auth/login/,206,0,180,427.50970873786406,65,6191,10392.597087378641,0.16573122899073142,0.0,180,270,400,480,960,1500,3300,3800,6200,6200,6200
GET,/auth/logout/,205,0,28,86.22926829268293,8,975,1712.0,0.1649267084616502,0.0,28,68,100,130,230,340,520,670,980,980,980
POST,/auth/modify-friend/,1079,0,60,104.21872103799815,24,5518,1713.0,0.8680776508786369,0.0,60,87,110,120,180,260,410,610,4300,5500,5500
GET,/public/,1079,0,100,176.20574606116776,49,7504,10234.987951807228,0.8680776508786369,0.0,100,130,150,170,260,380,740,1100,7400,7500,7500
,Aggregated,6415,0,87,157.96819953234606,8,7504,5789.490101325019,5.160999194056029,0.0,87,120,150,170,270,410,760,1300,6000,7500,7500
