Type,Name,Request Count,Failure Count,Median Response Time,Average Response Time,Min Response Time,Max Response Time,Average Content Size,Requests/s,Failures/s,50%,66%,75%,80%,90%,95%,98%,99%,99.9%,99.99%,100%
GET,/,887,0,250,300.6369785794814,105,1567,10242.781285231116,0.7114018692572402,0.0,250,330,380,420,530,620,760,830,1600,1600,1600
POST,/,137,0,600,672.2408759124088,165,2756,10120.700729927008,0.10987830449632685,0.0,600,780,850,900,1100,1200,1400,1500,2800,2800,2800
GET,/auth/find-friends/,1304,0,170,226.20398773006136,51,1226,1974.0,1.045848971264308,0.0,170,240,280,320,440,550,710,820,1200,1200,1200
GET,/auth/login/,1,0,69,69.0,69,69,2961.0,0.0008020314196812179,0.0,69,69,69,69,69,69,69,69,69,69,69
POST,/auth/login/,130,0,470,542.9230769230769,139,1810,10263.615384615385,0.10426408455855832,0.0,480,620,730,790,960,1300,1600,1600,1800,1800,1800
GET,/auth/logout/,129,0,120,184.26356589147287,8,1415,1712.0,0.1034620531388771,0.0,120,200,240,270,410,520,650,700,1400,1400,1400
POST,/auth/modify-friend/,652,0,200,247.63343558282207,68,1239,1713.0,0.522924485632154,0.0,200,270,290,340,440,600,770,890,1200,1200,1200
GET,/public/,652,0,250,297.3911042944785,106,1471,10223.638036809816,0.522924485632154,0.0,250,320,350,380,520,650,800,990,1500,1500,1500
,Aggregated,3892,0,230,283.5321171634121,8,2756,5751.990236382323,3.1215062853993,0.0,230,290,350,400,540,700,900,1100,1600,2800,2800
