Type,Name,Request Count,Failure Count,Median Response Time,Average Response Time,Min Response Time,Max Response Time,Average Content Size,Requests/s,Failures/s,50%,66%,75%,80%,90%,95%,98%,99%,99.9%,99.99%,100%
GET,/,1302,0,200,220.08294930875576,154,737,10415.172811059907,1.044792759677433,0.0,200,220,230,230,290,350,430,460,710,740,740
POST,/,172,0,530,570.203488372093,426,1381,10482.656976744185,0.13802177777612784,0.0,540,590,620,640,760,830,940,1200,1400,1400,1400
GET,/auth/find-friends/,1846,0,100,117.82881906825568,72,625,1974.0,1.4813267545042557,0.0,100,110,110,120,170,230,320,390,540,620,620
GET,/auth/login/,1,0,183,183.0,183,183,2961.0,0.0008024521963728362,0.0,180,180,180,180,180,180,180,180,180,180,180
POST,/auth/login/,203,0,270,304.95566502463055,210,1056,10409.68472906404,0.16289779586368577,0.0,270,290,300,320,420,680,710,810,1100,1100,1100
GET,/auth/logout/,202,0,10,28.14851485148515,8,321,1712.0,0.16209534366731293,0.0,10,12,14,18,78,160,210,270,320,320,320
POST,/auth/modify-friend/,923,0,140,157.66738894907908,101,723,1713.0,0.7406633772521278,0.0,140,160,160,160,220,270,370,410,720,720,720
GET,/public/,923,0,210,225.14734561213433,144,657,10221.605633802817,0.7406633772521278,0.0,210,220,230,240,310,360,460,520,660,660,660
,Aggregated,5572,0,170,183.6410624551328,8,1381,5830.073223259153,4.471263638189444,0.0,170,200,220,230,290,420,550,640,940,1400,1400
