Type,Name,Request Count,Failure Count,Median Response Time,Average Response Time,Min Response Time,Max Response Time,Average Content Size,Requests/s,Failures/s,50%,66%,75%,80%,90%,95%,98%,99%,99.9%,99.99%,100%
GET,/,1418,0,100,188.05148095909732,38,7105,10249.00916784203,1.1354026881193031,0.0,100,140,160,180,270,350,580,2800,5600,7100,7100
POST,/,198,0,260,430.8484848484849,83,8310,10272.717171717171,0.15854000863725107,0.0,270,340,400,450,620,800,2700,4600,8300,8300,8300
GET,/auth/find-friends/,1920,0,59,127.24114583333333,22,13794,1974.0,1.5373576595127376,0.0,59,91,120,140,200,270,370,780,8200,14000,14000
GET,/auth/login/,1,0,30,30.0,30,30,2961.0,0.0008007071143295509,0.0,30,30,30,30,30,30,30,30,30,30,30
POST,/auth/login/,212,0,170,398.6698113207547,67,7049,10253.462264150943,0.1697499082378648,0.0,170,280,330,380,550,1700,4200,4800,7000,7000,7000
GET,/auth/logout/,211,0,32,63.5781990521327,7,384,1712.0,0.16894920112353523,0.0,32,69,88,100,160,220,290,360,380,380,380
POST,/auth/modify-friend/,959,0,69,116.3555787278415,26,4672,1713.0,0.7678781226420393,0.0,69,100,120,140,200,280,410,570,4700,4700,4700
GET,/public/,960,0,110,218.725,49,7954,10182.605208333332,0.7686788297563688,0.0,110,150,170,200,280,390,760,4700,8000,8000,8000
,Aggregated,5879,0,93,172.78312638203775,7,13794,5836.5654022793,4.70735712514343,0.0,93,120,160,180,260,360,630,2300,7000,14000,14000
