Type,Name,Request Count,Failure Count,Median Response Time,Average Response Time,Min Response Time,Max Response Time,Average Content Size,Requests/s,Failures/s,50%,66%,75%,80%,90%,95%,98%,99%,99.9%,99.99%,100%
GET,/,1059,0,150,247.85930122757318,30,11821,10330.578847969782,0.8517309362089412,0.0,150,190,240,280,380,520,870,1500,11000,12000,12000
POST,/,165,0,320,541.4363636363636,84,6373,10374.19393939394,0.13270595323368772,0.0,320,440,510,560,980,1700,2700,5000,6400,6400,6400
GET,/auth/find-friends/,1450,0,97,209.4841379310345,21,9240,1974.0,1.166203831447559,0.0,97,150,190,220,340,550,1200,2700,6800,9200,9200
GET,/auth/login/,1,0,326,326.0,326,326,2961.0,0.0008042785044465923,0.0,330,330,330,330,330,330,330,330,330,330,330
POST,/auth/login/,137,0,320,794.021897810219,72,7545,10296.693430656935,0.11018615510918314,0.0,320,510,650,800,2000,4500,6700,7300,7500,7500,7500
GET,/auth/logout/,136,0,82,275.8970588235294,8,10107,1712.0,0.10938187660473656,0.0,83,140,200,280,440,650,2600,3200,10000,10000,10000
POST,/auth/modify-friend/,725,0,99,157.3848275862069,26,5170,1713.0,0.5831019157237795,0.0,99,140,180,220,320,430,670,1000,5200,5200,5200
GET,/public/,725,0,150,237.52689655172415,51,8081,10229.83724137931,0.5831019157237795,0.0,150,190,240,280,380,560,1000,1700,8100,8100,8100
,Aggregated,4398,0,130,247.50159163256026,8,11821,5870.650750341064,3.537216862556113,0.0,130,180,230,280,410,610,1300,2600,8100,12000,12000
