Type,Name,Request Count,Failure Count,Median Response Time,Average Response Time,Min Response Time,Max Response Time,Average Content Size,Requests/s,Failures/s,50%,66%,75%,80%,90%,95%,98%,99%,99.9%,99.99%,100%
GET,/,793,0,190,330.8045397225725,53,9908,10361.646910466583,0.6350328371211652,0.0,190,250,300,340,500,780,2000,3700,9900,9900,9900
POST,/,125,0,410,562.192,85,2745,10284.84,0.10009975364457206,0.0,410,550,620,720,1100,1400,2500,2600,2700,2700,2700
GET,/auth/find-friends/,1224,0,140,244.09313725490196,22,9445,1974.0,0.9801767876876497,0.0,140,200,260,300,420,580,1000,2600,9000,9400,9400
GET,/auth/login/,1,0,964,964.0,964,964,2961.0,0.0008007980291565765,0.0,960,960,960,960,960,960,960,960,960,960,960
POST,/auth/login/,112,0,470,1048.2857142857142,73,9585,10217.714285714286,0.08968937926553656,0.0,470,710,1000,1200,2300,4300,7000,8300,9600,9600,9600
GET,/auth/logout/,111,0,130,212.5855855855856,9,2394,1712.0,0.08888858123638,0.0,130,200,230,270,550,680,870,930,2400,2400,2400
POST,/auth/modify-friend/,612,0,140,252.26307189542484,26,11824,1713.0,0.49008839384382485,0.0,140,200,250,290,430,610,920,1700,12000,12000,12000
GET,/public/,613,0,200,321.04567699836866,53,8476,10224.4176182708,0.4908891918729814,0.0,200,260,310,350,510,750,1400,3200,8500,8500,8500
,Aggregated,3591,0,180,313.1514898357004,9,11824,5728.729601782234,2.875665722701266,0.0,180,240,300,350,520,780,1700,3500,9400,12000,12000
