Type,Name,Request Count,Failure Count,Median Response Time,Average Response Time,Min Response Time,Max Response Time,Average Content Size,Requests/s,Failures/s,50%,66%,75%,80%,90%,95%,98%,99%,99.9%,99.99%,100%
GET,/,1017,0,230,274.18387413962637,63,1566,10358.851524090462,0.8179847265840154,0.0,230,300,340,380,520,600,740,840,1500,1600,1600
POST,/,123,0,570,592.7073170731708,139,1619,10334.69918699187,0.09893030616502842,0.0,570,690,740,780,990,1200,1600,1600,1600,1600,1600
GET,/auth/find-friends/,1494,0,150,193.69946452476572,25,2396,1974.0,1.201641279760589,0.0,150,200,250,290,390,500,650,730,2200,2400,2400
GET,/auth/login/,1,0,94,94.0,94,94,2961.0,0.0008043114322360034,0.0,94,94,94,94,94,94,94,94,94,94,94
POST,/auth/login/,136,0,380,452.8970588235294,90,1848,10257.191176470587,0.10938635478409646,0.0,380,510,600,640,860,1100,1300,1700,1800,1800,1800
GET,/auth/logout/,135,0,110,132.55555555555554,8,528,1712.0,0.10858204335186046,0.0,110,160,190,220,300,430,480,500,530,530,530
POST,/auth/modify-friend/,747,0,180,215.10307898259705,28,1617,1713.0,0.6008206398802945,0.0,180,230,270,310,420,530,690,760,1600,1600,1600
GET,/public/,748,0,220,277.62433155080214,54,4667,10213.970588235294,0.6016249513125306,0.0,220,290,330,380,480,580,750,930,4700,4700,4700
,Aggregated,4401,0,190,247.45807770961144,8,4667,5749.601454214951,3.539774613270651,0.0,190,260,320,360,480,610,780,960,2100,4700,4700
