Type,Name,Request Count,Failure Count,Median Response Time,Average Response Time,Min Response Time,Max Response Time,Average Content Size,Requests/s,Failures/s,50%,66%,75%,80%,90%,95%,98%,99%,99.9%,99.99%,100%
GET,/,1919,0,91,137.63678999478896,28,6547,10369.676915059927,1.5446379740681462,0.0,91,110,130,140,190,260,400,560,6100,6500,6500
POST,/,299,0,220,292.01003344481603,49,8026,10369.90635451505,0.24067053373964342,0.0,220,270,320,350,420,500,680,820,8000,8000,8000
GET,/auth/find-friends/,2749,0,40,73.45943979628956,21,9145,1974.0,2.212720057693243,0.0,40,58,70,83,120,170,250,290,4700,9100,9100
GET,/auth/login/,1,0,25,25.0,25,25,2961.0,0.0008049181730422856,0.0,25,25,25,25,25,25,25,25,25,25,25
POST,/auth/login/,297,0,130,225.83164983164983,57,6987,10347.723905723906,0.23906069739355884,0.0,130,170,200,220,300,420,610,3700,7000,7000,7000
GET,/auth/logout/,296,0,12,33.00337837837838,8,315,1712.0,0.23825577922051655,0.0,12,21,41,60,93,110,150,200,320,320,320
POST,/auth/modify-friend/,1374,0,49,79.57350800582242,25,6618,1713.0,1.1059575697601005,0.0,49,70,88,96,140,170,230,290,3400,6600,6600
GET,/public/,1375,0,92,127.59927272727273,47,7481,10222.007272727273,1.1067624879331428,0.0,92,120,130,140,190,250,340,420,3700,7500,7500
,Aggregated,8310,0,76,110.11131167268351,8,9145,5826.527918170878,6.688870017981394,0.0,76,95,120,130,180,250,360,460,4700,9100,9100
