Type,Name,Request Count,Failure Count,Median Response Time,Average Response Time,Min Response Time,Max Response Time,Average Content Size,Requests/s,Failures/s,50%,66%,75%,80%,90%,95%,98%,99%,99.9%,99.99%,100%
GET,/,1586,0,160,171.97540983606558,82,731,10394.291929382094,1.271026001475248,0.0,160,180,200,210,260,310,370,440,710,730,730
POST,/,220,0,390,408.9909090909091,116,1118,10416.818181818182,0.17630877700161068,0.0,400,430,470,500,580,680,750,780,1100,1100,1100
GET,/auth/find-friends/,2190,0,82,107.7068493150685,46,1231,1974.0,1.7550737346978518,0.0,82,110,140,150,190,230,330,390,660,1200,1200
GET,/auth/login/,1,0,33,33.0,33,33,2961.0,0.0008014035318255031,0.0,33,33,33,33,33,33,33,33,33,33,33
POST,/auth/login/,215,0,230,257.6186046511628,123,808,10189.93023255814,0.17230175934248318,0.0,230,270,320,340,420,500,610,730,810,810,810
GET,/auth/logout/,214,0,12,49.12149532710281,8,339,1712.0,0.17150035581065767,0.0,12,47,71,100,130,180,260,310,340,340,340
POST,/auth/modify-friend/,1094,0,110,127.07769652650822,62,921,1713.0,0.8767354638171004,0.0,110,120,160,160,210,260,320,390,600,920,920
GET,/public/,1095,0,160,187.69406392694063,92,7578,10222.977168949772,0.8775368673489259,0.0,160,180,210,220,280,330,410,500,2600,7600,7600
,Aggregated,6615,0,130,152.54572940287227,8,7578,5854.64142101285,5.301284363025703,0.0,130,160,180,200,270,340,440,520,820,7600,7600
