Type,Name,Request Count,Failure Count,Median Response Time,Average Response Time,Min Response Time,Max Response Time,Average Content Size,Requests/s,Failures/s,50%,66%,75%,80%,90%,95%,98%,99%,99.9%,99.99%,100%
GET,/,827,0,210,330.30108827085854,34,8015,10218.935912938332,0.6128006678151658,0.0,210,270,320,350,470,600,990,4600,8000,8000,8000
POST,/,116,0,400,555.5258620689655,111,6812,10273.413793103447,0.08595511180962423,0.0,400,490,630,650,880,1200,1300,4600,6800,6800,6800
GET,/auth/find-friends/,1256,0,150,271.1958598726115,14,7813,1974.0,0.9306863830421382,0.0,150,210,250,280,390,520,1000,4500,6700,7800,7800
GET,/auth/login/,1,0,209,209.0,209,209,2961.0,0.0007409923431864158,0.0,210,210,210,210,210,210,210,210,210,210,210
POST,/auth/login/,127,0,560,1251.6456692913387,35,7940,9934.031496062993,0.0941060275846748,0.0,560,680,880,1100,4900,5700,7300,7900,7900,7900,7900
GET,/auth/logout/,126,0,140,174.8015873015873,19,642,1712.0,0.09336503524148838,0.0,140,200,240,270,380,440,530,540,640,640,640
POST,/auth/modify-friend/,628,0,140,215.5,13,6639,1713.0,0.4653431915210691,0.0,140,190,230,250,350,420,570,2600,6600,6600,6600
GET,/public/,628,0,210,344.3423566878981,32,6131,10212.085987261147,0.4653431915210691,0.0,210,280,330,350,460,600,3800,5100,6100,6100,6100
,Aggregated,3709,0,180,326.502022108385,13,8015,5686.537880830412,2.748340600878416,0.0,180,250,300,340,470,640,3000,5000,7800,8000,8000
