Type,Name,Request Count,Failure Count,Median Response Time,Average Response Time,Min Response Time,Max Response Time,Average Content Size,Requests/s,Failures/s,50%,66%,75%,80%,90%,95%,98%,99%,99.9%,99.99%,100%
GET,/,872,0,200,349.14105504587155,31,7580,10213.991972477064,0.6426049758848614,0.0,200,270,300,330,470,650,3100,5200,7600,7600,7600
POST,/,118,0,420,773.7372881355932,68,7970,10145.64406779661,0.08695801279175877,0.0,430,500,630,740,1100,3600,5700,7200,8000,8000,8000
GET,/auth/find-friends/,1246,0,140,262.87399678972713,15,7719,1974.0,0.918217660496029,0.0,140,190,230,270,390,510,900,4800,6800,7700,7700
GET,/auth/login/,1,0,1275,1275.0,1275,1275,2961.0,0.0007369323117945659,0.0,1300,1300,1300,1300,1300,1300,1300,1300,1300,1300,1300
POST,/auth/login/,130,0,570,1049.7153846153847,109,8330,10347.346153846154,0.09580120053329357,0.0,580,720,830,900,2400,5800,6900,7000,8300,8300,8300
GET,/auth/logout/,129,0,130,205.8372093023256,12,6835,1712.0,0.095064268221499,0.0,130,170,210,230,290,440,620,660,6800,6800,6800
POST,/auth/modify-friend/,623,0,140,218.1749598715891,14,6526,1713.0,0.4591088302480145,0.0,140,190,230,250,360,480,610,3500,6500,6500,6500
GET,/public/,623,0,210,307.40770465489567,34,5572,10191.913322632423,0.4591088302480145,0.0,210,270,320,370,470,600,900,4300,5600,5600,5600
,Aggregated,3742,0,180,324.6985569214324,12,8330,5758.7161945483695,2.7576007107352654,0.0,180,240,300,340,480,680,3100,5200,7600,8300,8300
