Type,Name,Request Count,Failure Count,Median Response Time,Average Response Time,Min Response Time,Max Response Time,Average Content Size,Requests/s,Failures/s,50%,66%,75%,80%,90%,95%,98%,99%,99.9%,99.99%,100%
GET,/,632,0,310,455.5142405063291,27,7126,10161.167721518987,0.46503418663010226,0.0,310,390,460,500,630,780,4300,5200,7100,7100,7100
POST,/,88,0,700,1077.340909090909,54,7288,10016.363636363636,0.0647515956067231,0.0,700,860,970,1100,1600,4800,5300,7300,7300,7300,7300
GET,/auth/find-friends/,862,0,240,430.3723897911833,23,7544,1974.0,0.6342713115113103,0.0,240,320,380,420,580,820,4800,5500,7500,7500,7500
GET,/auth/login/,1,0,32,32.0,32,32,2961.0,0.0007358135864400352,0.0,32,32,32,32,32,32,32,32,32,32,32
POST,/auth/login/,79,0,850,1279.73417721519,160,6729,9993.73417721519,0.05812927332876278,0.0,850,1100,1200,1300,3400,5000,6400,6700,6700,6700,6700
GET,/auth/logout/,79,0,240,383.43037974683546,27,4708,1712.0,0.05812927332876278,0.0,240,320,340,400,640,750,4000,4700,4700,4700,4700
POST,/auth/modify-friend/,431,0,240,381.5986078886311,16,7831,1713.0,0.31713565575565517,0.0,240,310,380,420,590,730,1700,4900,7800,7800,7800
GET,/public/,431,0,310,515.5058004640372,43,9715,10182.201856148491,0.31713565575565517,0.0,310,400,450,500,630,920,4700,6500,9700,9700,9700
,Aggregated,2603,0,280,488.56934306569343,16,9715,5785.413753361506,1.9153227655034115,0.0,280,380,450,510,700,1000,4700,5500,7800,9700,9700
