Type,Name,Request Count,Failure Count,Median Response Time,Average Response Time,Min Response Time,Max Response Time,Average Content Size,Requests/s,Failures/s,50%,66%,75%,80%,90%,95%,98%,99%,99.9%,99.99%,100%
GET,/,785,0,240,402.00382165605095,32,9665,10209.462420382166,0.5781765543767112,0.0,240,300,370,400,520,680,4600,5300,9700,9700,9700
POST,/,108,0,490,680.5833333333334,97,8230,9910.074074074075,0.07954530939195517,0.0,500,620,710,760,870,1000,4900,5700,8200,8200,8200
GET,/auth/find-friends/,1114,0,180,287.37612208258525,15,6617,1974.0,0.8204951357651672,0.0,180,240,280,310,400,510,740,4100,6600,6600,6600
GET,/auth/login/,1,0,74,74.0,74,74,2961.0,0.0007365306425181034,0.0,74,74,74,74,74,74,74,74,74,74,74
POST,/auth/login/,113,0,640,1217.6371681415928,137,6983,10119.79646017699,0.0832279626045457,0.0,640,820,970,1100,4400,5800,6400,6600,7000,7000,7000
GET,/auth/logout/,112,0,160,292.63392857142856,13,6053,1712.0,0.08249143196202759,0.0,170,220,270,310,440,530,740,5000,6100,6100,6100
POST,/auth/modify-friend/,557,0,170,239.50269299820468,14,6782,1713.0,0.4102475678825836,0.0,170,220,260,290,370,470,560,810,6800,6800,6800
GET,/public/,558,0,240,396.05555555555554,33,7237,10203.695340501792,0.4109840985251017,0.0,240,320,360,400,520,700,3900,5800,7200,7200,7200
,Aggregated,3348,0,210,368.5952807646356,13,9665,5755.614396654719,2.4659045911506103,0.0,210,280,340,380,520,700,3800,5500,7000,9700,9700
