Type,Name,Request Count,Failure Count,Median Response Time,Average Response Time,Min Response Time,Max Response Time,Average Content Size,Requests/s,Failures/s,50%,66%,75%,80%,90%,95%,98%,99%,99.9%,99.99%,100%
GET,/,898,0,200,299.20489977728283,35,8174,10310.818485523385,0.6627351506603589,0.0,200,260,310,340,440,570,830,3200,8200,8200,8200
POST,/,137,0,420,621.7299270072992,96,5943,10393.175182481751,0.10110770115865164,0.0,420,560,610,660,770,1300,5000,5400,5900,5900,5900
GET,/auth/find-friends/,1254,0,150,253.57575757575756,14,6756,1974.0,0.9254675711894099,0.0,150,210,250,280,380,500,760,4200,6200,6800,6800
GET,/auth/login/,1,0,252,252.0,252,252,2961.0,0.0007380124172164354,0.0,250,250,250,250,250,250,250,250,250,250,250
POST,/auth/login/,112,0,540,975.8303571428571,56,7323,10167.544642857143,0.08265739072824076,0.0,540,670,870,970,2800,5100,5600,6500,7300,7300,7300
GET,/auth/logout/,112,0,120,246.75892857142858,13,5521,1712.0,0.08265739072824076,0.0,130,170,210,230,380,430,530,5300,5500,5500,5500
POST,/auth/modify-friend/,627,0,140,263.7368421052632,13,6348,1713.0,0.46273378559470496,0.0,140,190,230,260,370,490,950,5600,6300,6300,6300
GET,/public/,627,0,200,409.3365231259968,36,7940,10210.819776714514,0.46273378559470496,0.0,200,280,340,370,520,690,4700,6300,7900,7900,7900
,Aggregated,3768,0,180,326.71072186836517,13,8174,5830.170116772823,2.7808307880715284,0.0,180,250,300,340,470,650,3200,5200,7700,8200,8200
