Type,Name,Request Count,Failure Count,Median Response Time,Average Response Time,Min Response Time,Max Response Time,Average Content Size,Requests/s,Failures/s,50%,66%,75%,80%,90%,95%,98%,99%,99.9%,99.99%,100%
GET,/,682,0,290,480.4926686217009,43,6825,10272.1788856305,0.502041667824065,0.0,290,360,420,470,640,920,5100,5800,6800,6800,6800
POST,/,98,0,540,821.4081632653061,132,7343,10204.30612244898,0.07214088481929379,0.0,570,720,860,900,1300,1700,5700,7300,7300,7300,7300
GET,/auth/find-friends/,932,0,220,343.1105150214592,25,6769,1974.0,0.686074537261039,0.0,220,280,330,370,490,650,3000,4700,6800,6800,6800
GET,/auth/login/,1,0,114,114.0,114,114,2961.0,0.0007361314777478958,0.0,110,110,110,110,110,110,110,110,110,110,110
POST,/auth/login/,101,0,740,1485.7227722772277,139,8986,10208.29702970297,0.07434927925253748,0.0,740,1000,1100,1200,4400,6000,6600,6700,9000,9000,9000
GET,/auth/logout/,100,0,200,300.5,25,3807,1712.0,0.07361314777478958,0.0,200,280,370,390,590,790,1200,3800,3800,3800,3800
POST,/auth/modify-friend/,466,0,210,318.9334763948498,25,8293,1713.0,0.3430372686305195,0.0,210,280,330,370,470,560,780,5500,8300,8300,8300
GET,/public/,466,0,260,410.9098712446352,45,6830,10168.465665236052,0.3430372686305195,0.0,260,340,390,440,610,740,2800,5200,6800,6800,6800
,Aggregated,2846,0,260,438.6163035839775,25,8986,5828.312719606465,2.095030185670512,0.0,260,330,400,450,630,920,4300,5700,7300,9000,9000
