Type,Name,Request Count,Failure Count,Median Response Time,Average Response Time,Min Response Time,Max Response Time,Average Content Size,Requests/s,Failures/s,50%,66%,75%,80%,90%,95%,98%,99%,99.9%,99.99%,100%
GET,/,317,0,420,728.4731861198738,91,12550,9845.205047318612,0.26977685233194226,0.0,420,580,670,780,1200,1800,4800,6400,13000,13000,13000
POST,/,47,0,910,1537.787234042553,358,12542,10324.0,0.03999846075584002,0.0,910,1400,1500,1500,2100,5900,13000,13000,13000,13000,13000
GET,/auth/find-friends/,456,0,360,730.1315789473684,58,20399,1974.0,0.3880701724396393,0.0,360,450,580,670,990,1700,7100,10000,20000,20000,20000
GET,/auth/login/,1,0,72,72.0,72,72,2961.0,0.0008510310799114898,0.0,72,72,72,72,72,72,72,72,72,72,72
POST,/auth/login/,48,0,1400,2390.7083333333335,119,13607,9825.4375,0.04084949183575151,0.0,1400,2300,3400,3600,6100,6500,14000,14000,14000,14000,14000
GET,/auth/logout/,47,0,300,450.1063829787234,36,4782,1712.0,0.03999846075584002,0.0,300,380,430,490,800,1000,4800,4800,4800,4800,4800
POST,/auth/modify-friend/,228,0,340,679.7719298245614,85,10130,1713.0,0.19403508621981966,0.0,340,440,510,600,890,1900,7400,8100,10000,10000,10000
GET,/public/,228,0,420,860.3245614035088,118,20086,10194.030701754386,0.19403508621981966,0.0,420,580,680,730,1100,1800,7100,17000,20000,20000,20000
,Aggregated,1372,0,400,818.7062682215743,36,20399,5667.748542274053,1.167614641638564,0.0,400,540,670,760,1300,2500,6800,9400,20000,20000,20000
