Type,Name,Request Count,Failure Count,Median Response Time,Average Response Time,Min Response Time,Max Response Time,Average Content Size,Requests/s,Failures/s,50%,66%,75%,80%,90%,95%,98%,99%,99.9%,99.99%,100%
GET,/,449,0,320,631.4877505567929,64,21651,10083.955456570156,0.38332636798101866,0.0,320,420,490,560,840,1300,5500,8500,22000,22000,22000
POST,/,58,0,570,1658.655172413793,166,18171,10219.344827586207,0.04951654642071065,0.0,610,970,1200,1300,3900,9400,17000,18000,18000,18000,18000
GET,/auth/find-friends/,593,0,240,466.8566610455312,33,14132,1974.0,0.5062640004738175,0.0,240,330,400,450,660,920,3100,7000,14000,14000,14000
GET,/auth/login/,1,0,1135,1135.0,1135,1135,2961.0,0.0008537335589777699,0.0,1100,1100,1100,1100,1100,1100,1100,1100,1100,1100,1100
POST,/auth/login/,59,0,1000,1975.084745762712,161,11588,9732.915254237289,0.05037027997968842,0.0,1000,1300,1800,2700,5000,7500,11000,12000,12000,12000,12000
GET,/auth/logout/,58,0,240,587.7241379310345,60,18926,1712.0,0.04951654642071065,0.0,240,310,370,420,470,550,660,19000,19000,19000,19000
POST,/auth/modify-friend/,296,0,230,447.26013513513516,30,12960,1713.0,0.25270513345741985,0.0,230,320,410,440,610,770,4600,7200,13000,13000,13000
GET,/public/,297,0,320,560.5387205387206,91,14363,10216.016835016835,0.2535588670163976,0.0,320,430,490,540,750,990,4300,10000,14000,14000,14000
,Aggregated,1811,0,290,611.3793484262839,30,21651,5802.707896189951,1.546111475308741,0.0,290,390,480,540,810,1300,4800,8700,19000,22000,22000
