Type,Name,Request Count,Failure Count,Median Response Time,Average Response Time,Min Response Time,Max Response Time,Average Content Size,Requests/s,Failures/s,50%,66%,75%,80%,90%,95%,98%,99%,99.9%,99.99%,100%
GET,/,379,0,340,643.9815303430079,66,18580,9990.799472295514,0.32305728413953666,0.0,340,430,530,590,860,1200,5200,8400,19000,19000,19000
POST,/,53,0,690,1484.132075471698,152,19634,10127.471698113208,0.04517687614616212,0.0,690,900,1200,1300,1700,7200,13000,20000,20000,20000,20000
GET,/auth/find-friends/,542,0,280,553.1937269372694,38,19055,1974.0,0.46199748813622393,0.0,280,380,480,530,670,970,5400,8300,19000,19000,19000
GET,/auth/login/,1,0,65,65.0,65,65,2961.0,0.0008523938895502287,0.0,65,65,65,65,65,65,65,65,65,65,65
POST,/auth/login/,59,0,940,3044.1186440677966,244,23603,10219.118644067798,0.05029123948346349,0.0,940,1900,3200,4000,10000,13000,21000,24000,24000,24000,24000
GET,/auth/logout/,59,0,250,380.3220338983051,26,3174,1712.0,0.05029123948346349,0.0,250,390,480,560,740,910,1100,3200,3200,3200,3200
POST,/auth/modify-friend/,271,0,270,399.38376383763836,31,11440,1713.0,0.23099874406811197,0.0,270,370,430,530,660,820,1200,2600,11000,11000,11000
GET,/public/,271,0,340,652.0959409594096,80,17621,10215.568265682658,0.23099874406811197,0.0,340,480,570,620,810,1200,4600,8700,18000,18000,18000
,Aggregated,1635,0,320,678.6648318042813,26,23603,5708.083180428134,1.393664009414624,0.0,320,430,540,610,860,1700,5800,10000,21000,24000,24000
