Type,Name,Request Count,Failure Count,Median Response Time,Average Response Time,Min Response Time,Max Response Time,Average Content Size,Requests/s,Failures/s,50%,66%,75%,80%,90%,95%,98%,99%,99.9%,99.99%,100%
GET,/,513,0,250,489.9142300194932,31,24353,10209.927875243664,0.43529826908433433,0.0,250,320,390,440,600,830,3200,4600,24000,24000,24000
POST,/,66,0,520,959.060606060606,176,7571,10386.151515151516,0.05600328608102547,0.0,520,680,730,800,1300,6200,7300,7600,7600,7600,7600
GET,/auth/find-friends/,750,0,190,426.324,23,22227,1974.0,0.6364009781934712,0.0,190,270,320,350,510,730,2300,8100,22000,22000,22000
GET,/auth/login/,1,0,60,60.0,60,60,2961.0,0.0008485346375912949,0.0,60,60,60,60,60,60,60,60,60,60,60
POST,/auth/login/,89,0,650,1360.7977528089887,102,10503,10240.067415730337,0.07551958274562526,0.0,650,840,1200,1800,4300,5900,9500,11000,11000,11000,11000
GET,/auth/logout/,88,0,170,410.0,22,8295,1712.0,0.07467104810803396,0.0,170,250,290,330,530,970,7900,8300,8300,8300,8300
POST,/auth/modify-friend/,375,0,190,368.744,18,15136,1713.0,0.3182004890967356,0.0,190,240,280,320,440,550,890,9200,15000,15000,15000
GET,/public/,375,0,240,408.2266666666667,50,12186,10127.549333333332,0.3182004890967356,0.0,240,330,380,460,600,770,1300,4200,12000,12000,12000
,Aggregated,2257,0,220,479.8325210456358,18,24353,5719.480726628268,1.9151426770435527,0.0,220,300,370,430,620,900,4000,7900,18000,24000,24000
