Type,Name,Request Count,Failure Count,Median Response Time,Average Response Time,Min Response Time,Max Response Time,Average Content Size,Requests/s,Failures/s,50%,66%,75%,80%,90%,95%,98%,99%,99.9%,99.99%,100%
GET,/,446,0,300,700.5448430493274,46,21792,10111.553811659192,0.3792717291433748,0.0,310,410,480,550,840,1700,7300,10000,22000,22000,22000
POST,/,65,0,610,793.1538461538462,129,6692,10316.507692307692,0.055275027789953725,0.0,610,730,890,1100,1400,1700,1900,6700,6700,6700,6700
GET,/auth/find-friends/,640,0,250,422.65625,29,13797,1974.0,0.5442464274703136,0.0,250,330,380,430,600,860,2900,5400,14000,14000,14000
GET,/auth/login/,1,0,44,44.0,44,44,2961.0,0.000850385042922365,0.0,44,44,44,44,44,44,44,44,44,44,44
POST,/auth/login/,56,0,760,1683.75,153,21640,9942.57142857143,0.047621562403652444,0.0,770,950,1200,1600,2800,6200,13000,22000,22000,22000,22000
GET,/auth/logout/,55,0,230,682.5454545454545,57,15088,1712.0,0.046771177360730075,0.0,230,320,380,470,810,1400,5900,15000,15000,15000,15000
POST,/auth/modify-friend/,320,0,240,478.025,34,19347,1713.0,0.2721232137351568,0.0,240,310,370,420,600,1100,3100,5000,19000,19000,19000
GET,/public/,320,0,320,609.8375,83,21998,10202.2125,0.2721232137351568,0.0,320,400,470,530,720,1100,4200,8100,22000,22000,22000
,Aggregated,1903,0,280,585.6479243300053,29,21998,5733.294272201787,1.6182827366812607,0.0,280,380,460,530,790,1300,4500,8200,22000,22000,22000
