Type,Name,Request Count,Failure Count,Median Response Time,Average Response Time,Min Response Time,Max Response Time,Average Content Size,Requests/s,Failures/s,50%,66%,75%,80%,90%,95%,98%,99%,99.9%,99.99%,100%
GET,/,347,0,400,695.1412103746397,96,22710,10085.870317002882,0.299192070528487,0.0,400,510,580,650,860,1300,4900,7100,23000,23000,23000
POST,/,47,0,710,1371.1489361702127,171,13678,10216.148936170213,0.04052457439434838,0.0,710,910,1000,1200,1500,5500,14000,14000,14000,14000,14000
GET,/auth/find-friends/,504,0,320,662.797619047619,33,22614,1974.0,0.4345613935053529,0.0,320,420,500,540,750,1400,5700,11000,23000,23000,23000
GET,/auth/login/,1,0,1278,1278.0,1278,1278,2961.0,0.0008622249871137954,0.0,1300,1300,1300,1300,1300,1300,1300,1300,1300,1300,1300
POST,/auth/login/,49,0,1400,2770.5714285714284,419,19629,9674.34693877551,0.04224902436857597,0.0,1400,1700,3400,4600,5600,13000,20000,20000,20000,20000,20000
GET,/auth/logout/,48,0,250,346.5416666666667,37,1341,1712.0,0.041386799381462176,0.0,270,430,480,500,620,690,1300,1300,1300,1300,1300
POST,/auth/modify-friend/,252,0,320,525.5079365079365,72,19602,1713.0,0.21728069675267644,0.0,320,390,480,520,660,960,2400,5800,20000,20000,20000
GET,/public/,252,0,410,701.4087301587301,89,14187,10194.583333333334,0.21728069675267644,0.0,410,500,540,580,810,1600,6100,9300,14000,14000,14000
,Aggregated,1500,0,360,735.0406666666667,33,22710,5689.828666666666,1.293337480670693,0.0,370,480,560,630,940,1700,5700,11000,23000,23000,23000
