Type,Name,Request Count,Failure Count,Median Response Time,Average Response Time,Min Response Time,Max Response Time,Average Content Size,Requests/s,Failures/s,50%,66%,75%,80%,90%,95%,98%,99%,99.9%,99.99%,100%
GET,/,435,0,270,502.832183908046,33,14142,10096.250574712643,0.37086186703980584,0.0,270,360,450,510,690,1100,2900,7500,14000,14000,14000
POST,/,49,0,600,1166.8979591836735,155,13324,9805.30612244898,0.04177524479298962,0.0,600,850,920,1100,1800,5400,13000,13000,13000,13000,13000
GET,/auth/find-friends/,684,0,210,422.40497076023394,19,23754,1974.0,0.5831483150694878,0.0,210,270,330,360,500,740,2800,6600,24000,24000,24000
GET,/auth/login/,1,0,218,218.0,218,218,2961.0,0.0008525560161834617,0.0,220,220,220,220,220,220,220,220,220,220,220
POST,/auth/login/,83,0,830,1707.433734939759,63,17391,10093.072289156626,0.07076214934322732,0.0,830,1200,1500,1900,3400,5200,11000,17000,17000,17000,17000
GET,/auth/logout/,82,0,210,628.1341463414634,17,14624,1712.0,0.06990959332704386,0.0,210,300,370,400,600,1200,11000,15000,15000,15000,15000
POST,/auth/modify-friend/,342,0,200,346.51461988304095,19,12789,1713.0,0.2915741575347439,0.0,200,280,320,360,530,640,930,5000,13000,13000,13000
GET,/public/,342,0,280,606.6286549707602,38,17247,10136.678362573099,0.2915741575347439,0.0,280,350,420,470,760,1600,4100,9700,17000,17000,17000
,Aggregated,2018,0,250,537.2903865213083,17,23754,5577.901387512388,1.7204580406582257,0.0,250,330,410,470,720,1200,4500,7800,17000,24000,24000
