Type,Name,Request Count,Failure Count,Median Response Time,Average Response Time,Min Response Time,Max Response Time,Average Content Size,Requests/s,Failures/s,50%,66%,75%,80%,90%,95%,98%,99%,99.9%,99.99%,100%
GET,/,541,0,240,416.82809611829947,39,8965,10213.672828096118,0.4605952773305685,0.0,240,330,390,450,580,770,2800,5400,9000,9000,9000
POST,/,74,0,500,1219.2702702702702,214,18898,10510.486486486487,0.06300194181601122,0.0,510,650,720,790,1900,7000,9200,19000,19000,19000,19000
GET,/auth/find-friends/,798,0,190,428.640350877193,16,22443,1974.0,0.6793993185023912,0.0,190,260,320,360,480,740,2200,9600,22000,22000,22000
GET,/auth/login/,1,0,40,40.0,40,40,2961.0,0.0008513775921082597,0.0,40,40,40,40,40,40,40,40,40,40,40
POST,/auth/login/,68,0,610,1656.8823529411766,80,14778,10149.882352941177,0.05789367626336166,0.0,640,760,980,1600,4700,9900,13000,15000,15000,15000,15000
GET,/auth/logout/,68,0,130,346.80882352941177,16,7631,1712.0,0.05789367626336166,0.0,140,200,280,320,540,1000,1900,7600,7600,7600,7600
POST,/auth/modify-friend/,399,0,160,283.453634085213,15,9155,1713.0,0.3396996592511956,0.0,160,240,280,330,450,620,1300,3800,9200,9200,9200
GET,/public/,399,0,230,464.31328320802004,42,24651,10145.877192982456,0.3396996592511956,0.0,230,300,350,390,640,940,2600,5000,25000,25000,25000
,Aggregated,2348,0,210,465.26192504258944,15,24651,5715.454003407155,1.9990345862701937,0.0,210,300,360,410,610,900,3800,7600,19000,25000,25000
