Type,Name,Request Count,Failure Count,Median Response Time,Average Response Time,Min Response Time,Max Response Time,Average Content Size,Requests/s,Failures/s,50%,66%,75%,80%,90%,95%,98%,99%,99.9%,99.99%,100%
GET,/,330,0,370,834.030303030303,70,18576,9984.024242424242,0.2810273083464568,0.0,370,500,640,750,1300,2400,7500,9900,19000,19000,19000
POST,/,48,0,750,1350.0833333333333,204,11723,10375.520833333334,0.04087669939584826,0.0,780,1000,1300,1400,2500,4800,12000,12000,12000,12000,12000
GET,/auth/find-friends/,512,0,320,528.474609375,29,19067,1974.0,0.43601812688904806,0.0,320,420,520,620,850,1300,3200,4200,19000,19000,19000
GET,/auth/login/,1,0,97,97.0,97,97,2961.0,0.000851597904080172,0.0,97,97,97,97,97,97,97,97,97,97,97
POST,/auth/login/,49,0,1100,1973.530612244898,269,16930,9902.102040816326,0.04172829729992843,0.0,1100,1300,1700,2300,3600,6900,17000,17000,17000,17000,17000
GET,/auth/logout/,48,0,290,803.3125,99,9147,1712.0,0.04087669939584826,0.0,290,390,610,650,2000,4300,9100,9100,9100,9100,9100
POST,/auth/modify-friend/,256,0,290,627.0,26,12989,1713.0,0.21800906344452403,0.0,290,400,490,560,890,1300,5600,8800,13000,13000,13000
GET,/public/,257,0,390,834.9844357976654,86,16765,10211.322957198443,0.2188606613486042,0.0,390,520,700,820,1100,2600,8100,11000,17000,17000,17000
,Aggregated,1501,0,360,746.8854097268488,26,19067,5620.665556295803,1.2782484540243382,0.0,360,490,640,740,1100,2100,5600,9100,19000,19000,19000
