Type,Name,Request Count,Failure Count,Median Response Time,Average Response Time,Min Response Time,Max Response Time,Average Content Size,Requests/s,Failures/s,50%,66%,75%,80%,90%,95%,98%,99%,99.9%,99.99%,100%
GET,/,560,0,220,444.8732142857143,32,15258,10017.858928571428,0.47672839547140633,0.0,220,300,360,410,560,810,2200,7700,15000,15000,15000
POST,/,71,0,430,550.6619718309859,151,5308,10144.30985915493,0.06044235014012473,0.0,430,540,600,610,770,1100,1500,5300,5300,5300,5300
GET,/auth/find-friends/,765,0,170,352.5254901960784,20,18615,1974.0,0.651245040242189,0.0,170,220,270,320,480,700,2500,4800,19000,19000,19000
GET,/auth/login/,1,0,274,274.0,274,274,2961.0,0.0008513007061989399,0.0,270,270,270,270,270,270,270,270,270,270,270
POST,/auth/login/,93,0,660,1561.6129032258063,110,14239,10256.774193548386,0.0791709656765014,0.0,660,950,1100,1300,4400,7000,13000,14000,14000,14000,14000
GET,/auth/logout/,92,0,160,245.02173913043478,18,5145,1712.0,0.07831966497030246,0.0,160,220,250,300,400,530,1100,5100,5100,5100,5100
POST,/auth/modify-friend/,382,0,160,340.36649214659684,15,12223,1713.0,0.325196869767995,0.0,160,230,280,310,440,660,2000,6400,12000,12000,12000
GET,/public/,383,0,230,570.331592689295,49,24423,10193.780678851175,0.32604817047419393,0.0,230,300,360,410,570,880,4500,14000,24000,24000,24000
,Aggregated,2347,0,200,457.7805709416276,15,24423,5757.68470387729,1.9980027574489119,0.0,200,280,350,400,600,940,3900,7700,19000,24000,24000
