Type,Name,Request Count,Failure Count,Median Response Time,Average Response Time,Min Response Time,Max Response Time,Average Content Size,Requests/s,Failures/s,50%,66%,75%,80%,90%,95%,98%,99%,99.9%,99.99%,100%
GET,/,350,0,350,700.74,61,21386,9896.9,0.3006793011169013,0.0,360,440,520,570,790,1300,6200,9800,21000,21000,21000
POST,/,58,0,680,1582.103448275862,245,16606,9892.98275862069,0.049826855613657926,0.0,710,850,1100,1100,1600,10000,16000,17000,17000,17000,17000
GET,/auth/find-friends/,520,0,320,523.4,44,14448,1974.0,0.4467235330879676,0.0,320,410,500,540,710,880,3200,5600,14000,14000,14000
GET,/auth/login/,1,0,183,183.0,183,183,2961.0,0.0008590837174768608,0.0,180,180,180,180,180,180,180,180,180,180,180
POST,/auth/login/,58,0,1200,2166.603448275862,352,14037,9646.413793103447,0.049826855613657926,0.0,1200,1600,2100,2300,5500,9200,13000,14000,14000,14000,14000
GET,/auth/logout/,58,0,270,461.12068965517244,21,7556,1712.0,0.049826855613657926,0.0,270,380,450,490,730,970,1000,7600,7600,7600,7600
POST,/auth/modify-friend/,260,0,280,574.3346153846154,43,10611,1713.0,0.2233617665439838,0.0,280,370,450,530,780,1600,5400,7300,11000,11000,11000
GET,/public/,260,0,350,734.0,74,24362,10205.026923076923,0.2233617665439838,0.0,350,440,540,600,830,1200,4900,14000,24000,24000,24000
,Aggregated,1565,0,340,704.1194888178914,21,24362,5638.737380191693,1.344466017851287,0.0,340,450,550,620,860,1600,5600,10000,22000,24000,24000
