Type,Name,Request Count,Failure Count,Median Response Time,Average Response Time,Min Response Time,Max Response Time,Average Content Size,Requests/s,Failures/s,50%,66%,75%,80%,90%,95%,98%,99%,99.9%,99.99%,100%
GET,/,363,0,380,844.0826446280992,63,21071,10123.289256198346,0.3090538016256773,0.0,380,490,580,630,890,1600,10000,13000,21000,21000,21000
POST,/,46,0,880,1346.8478260869565,183,8000,9972.5,0.03916384263025111,0.0,900,1200,1300,1400,2200,6500,8000,8000,8000,8000,8000
GET,/auth/find-friends/,516,0,330,503.83527131782944,45,12810,1974.0,0.43931614776542555,0.0,330,400,470,530,750,990,2300,5600,13000,13000,13000
GET,/auth/login/,1,0,66,66.0,66,66,2961.0,0.0008513878832663286,0.0,66,66,66,66,66,66,66,66,66,66,66
POST,/auth/login/,47,0,1300,2360.6382978723404,75,11710,9947.63829787234,0.04001523051351744,0.0,1300,2200,2800,3100,6700,9800,12000,12000,12000,12000,12000
GET,/auth/logout/,46,0,310,436.7173913043478,66,2972,1712.0,0.03916384263025111,0.0,320,410,510,570,820,920,3000,3000,3000,3000,3000
POST,/auth/modify-friend/,258,0,330,576.0736434108527,54,17734,1713.0,0.21965807388271277,0.0,330,400,480,530,720,890,3100,5900,18000,18000,18000
GET,/public/,258,0,400,833.9302325581396,105,9163,10202.352713178294,0.21965807388271277,0.0,400,500,670,750,1300,4300,7200,8300,9200,9200,9200
,Aggregated,1535,0,360,731.7407166123778,45,21071,5716.928990228013,1.3068804008138144,0.0,360,470,570,660,990,2200,6400,9200,20000,21000,21000
