Type,Name,Request Count,Failure Count,Median Response Time,Average Response Time,Min Response Time,Max Response Time,Average Content Size,Requests/s,Failures/s,50%,66%,75%,80%,90%,95%,98%,99%,99.9%,99.99%,100%
GET,/,407,0,330,664.1203931203931,56,18676,10068.85257985258,0.3461990523422388,0.0,330,440,510,570,780,1300,6400,9800,19000,19000,19000
POST,/,62,0,640,1418.2096774193549,148,14418,9789.564516129032,0.05273793917744179,0.0,660,950,1100,1400,2700,6600,9300,14000,14000,14000,14000
GET,/auth/find-friends/,592,0,270,476.5033783783784,42,12157,1974.0,0.5035622579523473,0.0,270,340,400,460,640,990,4300,6500,12000,12000,12000
GET,/auth/login/,1,0,110,110.0,110,110,2961.0,0.000850611922216803,0.0,110,110,110,110,110,110,110,110,110,110,110
POST,/auth/login/,64,0,700,1528.234375,125,13315,10024.40625,0.05443916302187539,0.0,710,960,1200,1600,3700,5700,11000,13000,13000,13000,13000
GET,/auth/logout/,63,0,270,466.4761904761905,40,7914,1712.0,0.053588551099658585,0.0,270,330,420,460,630,1000,3100,7900,7900,7900,7900
POST,/auth/modify-friend/,296,0,250,452.6418918918919,39,15521,1713.0,0.25178112897617366,0.0,250,310,390,410,610,830,1600,8200,16000,16000,16000
GET,/public/,296,0,340,693.206081081081,72,21259,10162.93918918919,0.25178112897617366,0.0,340,420,490,530,770,1400,4500,17000,21000,21000,21000
,Aggregated,1781,0,300,621.444132509826,39,21259,5694.127456485121,1.514939833468126,0.0,300,400,480,550,790,1400,5300,8700,20000,21000,21000
