Type,Name,Request Count,Failure Count,Median Response Time,Average Response Time,Min Response Time,Max Response Time,Average Content Size,Requests/s,Failures/s,50%,66%,75%,80%,90%,95%,98%,99%,99.9%,99.99%,100%
GET,/,499,0,260,503.5731462925852,55,17366,10262.294589178357,0.42590466290055184,0.0,260,330,380,420,630,860,4100,8300,17000,17000,17000
POST,/,77,0,530,1192.8051948051948,185,22538,10099.298701298701,0.06572075960589678,0.0,530,590,710,750,1300,2500,18000,23000,23000,23000,23000
GET,/auth/find-friends/,756,0,200,372.3478835978836,28,15688,1974.0,0.6452583670397138,0.0,200,250,300,330,470,630,2800,5800,16000,16000,16000
GET,/auth/login/,1,0,466,466.0,466,466,2961.0,0.00085351635851814,0.0,470,470,470,470,470,470,470,470,470,470,470
POST,/auth/login/,65,0,710,1474.3076923076924,132,14252,10060.415384615384,0.0554785633036791,0.0,710,870,1200,1300,1900,5800,13000,14000,14000,14000,14000
GET,/auth/logout/,64,0,190,331.8125,23,4998,1712.0,0.05462504694516096,0.0,190,240,300,330,440,480,3100,5000,5000,5000,5000
POST,/auth/modify-friend/,378,0,190,385.06613756613757,29,21352,1713.0,0.3226291835198569,0.0,190,260,310,340,470,700,2500,7100,21000,21000,21000
GET,/public/,378,0,270,561.9550264550264,61,17929,10219.420634920634,0.3226291835198569,0.0,270,330,390,430,600,940,4300,10000,18000,18000,18000
,Aggregated,2218,0,240,496.0009017132552,23,22538,5711.355275022543,1.8930992831932345,0.0,240,310,370,410,610,940,3900,8300,18000,23000,23000
