Type,Name,Request Count,Failure Count,Median Response Time,Average Response Time,Min Response Time,Max Response Time,Average Content Size,Requests/s,Failures/s,50%,66%,75%,80%,90%,95%,98%,99%,99.9%,99.99%,100%
GET,/,433,0,310,507.20323325635104,51,10649,10198.718244803695,0.3672623653973777,0.0,310,390,470,520,710,1000,3700,4800,11000,11000,11000
POST,/,67,0,750,1457.2089552238806,121,19256,10178.820895522387,0.05682812582361271,0.0,750,1100,1300,1700,2700,3400,12000,19000,19000,19000,19000
GET,/auth/find-friends/,576,0,280,609.0607638888889,38,22175,1974.0,0.48855224588658097,0.0,280,340,420,460,640,1000,5800,11000,22000,22000,22000
GET,/auth/login/,1,0,120,120.0,120,120,2961.0,0.0008481809824419809,0.0,120,120,120,120,120,120,120,120,120,120,120
POST,/auth/login/,69,0,690,1365.2898550724638,200,11981,10066.768115942028,0.05852448778849668,0.0,690,920,1100,1300,3200,7600,8500,12000,12000,12000,12000
GET,/auth/logout/,68,0,220,558.5882352941177,40,13036,1712.0,0.0576763068060547,0.0,240,320,400,430,610,990,4000,13000,13000,13000,13000
POST,/auth/modify-friend/,288,0,250,475.43055555555554,39,13401,1713.0,0.24427612294329049,0.0,250,350,410,450,610,830,4300,9900,13000,13000,13000
GET,/public/,288,0,330,581.7534722222222,85,21243,10152.875,0.24427612294329049,0.0,330,420,500,570,840,1200,3200,6400,21000,21000,21000
,Aggregated,1790,0,310,617.2340782122905,38,22175,5847.1541899441345,1.5182439585711456,0.0,310,400,480,540,820,1400,4800,8400,22000,22000,22000
