Type,Name,Request Count,Failure Count,Median Response Time,Average Response Time,Min Response Time,Max Response Time,Average Content Size,Requests/s,Failures/s,50%,66%,75%,80%,90%,95%,98%,99%,99.9%,99.99%,100%
GET,/,555,0,220,452.3747747747748,46,18512,10042.899099099099,0.47752912160128325,0.0,220,290,350,410,610,910,4200,6600,19000,19000,19000
POST,/,80,0,380,540.5,83,4465,10442.8,0.06883302653712191,0.0,390,510,580,610,1000,1200,1800,4500,4500,4500,4500
GET,/auth/find-friends/,829,0,160,332.31121833534377,16,15812,1974.0,0.7132822374909258,0.0,160,220,260,290,410,580,2100,5100,16000,16000,16000
GET,/auth/login/,1,0,3519,3519.0,3519,3519,2961.0,0.0008604128317140239,0.0,3500,3500,3500,3500,3500,3500,3500,3500,3500,3500,3500
POST,/auth/login/,87,0,620,1738.6896551724137,198,21591,9997.022988505747,0.07485591635912008,0.0,620,940,1200,1900,5300,7900,11000,22000,22000,22000,22000
GET,/auth/logout/,86,0,140,332.4651162790698,20,15308,1712.0,0.07399550352740605,0.0,140,160,210,240,330,360,580,15000,15000,15000,15000
POST,/auth/modify-friend/,414,0,150,250.6425120772947,16,11306,1713.0,0.3562109123296059,0.0,150,210,240,270,390,500,820,2900,11000,11000,11000
GET,/public/,415,0,220,492.1831325301205,48,19758,10199.366265060242,0.3570713251613199,0.0,220,280,340,380,540,720,2600,8600,20000,20000,20000
,Aggregated,2467,0,200,430.1552492906364,16,21591,5677.96189704094,2.122638455838497,0.0,200,260,320,360,540,870,3400,7200,19000,22000,22000
