Type,Name,Request Count,Failure Count,Median Response Time,Average Response Time,Min Response Time,Max Response Time,Average Content Size,Requests/s,Failures/s,50%,66%,75%,80%,90%,95%,98%,99%,99.9%,99.99%,100%
GET,/,402,0,290,637.7014925373135,51,12236,10045.798507462687,0.3426653193299355,0.0,290,380,450,520,800,1800,5400,9800,12000,12000,12000
POST,/,45,0,610,928.2444444444444,182,6819,10482.933333333332,0.038358058133948006,0.0,610,780,920,970,1700,3100,6800,6800,6800,6800,6800
GET,/auth/find-friends/,620,0,240,499.39677419354837,28,19685,1974.0,0.5284888009566169,0.0,240,310,380,440,630,980,4300,7700,20000,20000,20000
GET,/auth/login/,1,0,310,310.0,310,310,2961.0,0.0008524012918655112,0.0,310,310,310,310,310,310,310,310,310,310,310
POST,/auth/login/,66,0,860,2336.5454545454545,224,20408,9984.863636363636,0.056258485263123735,0.0,890,1100,1500,2000,5700,13000,20000,20000,20000,20000,20000
GET,/auth/logout/,65,0,260,283.9230769230769,45,1240,1712.0,0.05540608397125823,0.0,260,320,360,390,580,630,680,1200,1200,1200,1200
POST,/auth/modify-friend/,310,0,240,454.0516129032258,33,22628,1713.0,0.26424440047830844,0.0,240,300,350,390,570,760,1500,3200,23000,23000,23000
GET,/public/,311,0,300,579.8327974276527,74,10365,10226.44694533762,0.265096801770174,0.0,300,380,460,540,790,1700,4700,7000,10000,10000,10000
,Aggregated,1820,0,280,605.3923076923077,28,22628,5614.681318681319,1.5513703511952304,0.0,280,360,440,520,780,1500,4900,8600,20000,23000,23000
