Type,Name,Request Count,Failure Count,Median Response Time,Average Response Time,Min Response Time,Max Response Time,Average Content Size,Requests/s,Failures/s,50%,66%,75%,80%,90%,95%,98%,99%,99.9%,99.99%,100%
GET,/,483,0,290,621.4202898550725,25,19097,10015.51138716356,0.4100312188014191,0.0,290,380,490,580,830,1200,7000,9000,19000,19000,19000
POST,/,68,0,570,1410.9264705882354,183,19240,10025.85294117647,0.05772696248135921,0.0,570,790,1100,1300,1900,4300,13000,19000,19000,19000,19000
GET,/auth/find-friends/,646,0,220,497.453560371517,25,21514,1974.0,0.5484061435729125,0.0,220,280,350,380,540,900,5100,8900,22000,22000,22000
GET,/auth/login/,1,0,35,35.0,35,35,2961.0,0.0008489259188435177,0.0,35,35,35,35,35,35,35,35,35,35,35
POST,/auth/login/,58,0,820,1651.844827586207,71,18009,9764.689655172413,0.049237703292924026,0.0,830,1200,1400,1700,3500,5300,12000,18000,18000,18000,18000
GET,/auth/logout/,57,0,180,237.59649122807016,19,1235,1712.0,0.04838877737408051,0.0,180,230,260,340,450,540,760,1200,1200,1200,1200
POST,/auth/modify-friend/,323,0,220,310.3869969040248,26,4962,1713.0,0.27420307178645625,0.0,220,290,340,390,530,680,1000,1500,5000,5000,5000
GET,/public/,323,0,290,579.9009287925696,59,14968,10158.334365325078,0.27420307178645625,0.0,290,350,420,480,770,1500,4500,7200,15000,15000,15000
,Aggregated,1959,0,260,568.8575803981623,19,21514,5766.101071975498,1.6630458750144512,0.0,260,350,420,500,780,1300,4500,8600,19000,22000,22000
