Type,Name,Request Count,Failure Count,Median Response Time,Average Response Time,Min Response Time,Max Response Time,Average Content Size,Requests/s,Failures/s,50%,66%,75%,80%,90%,95%,98%,99%,99.9%,99.99%,100%
GET,/,421,0,260,525.4346793349168,36,12569,9841.693586698337,0.3584755620661756,0.0,260,350,400,460,700,980,5500,7700,13000,13000,13000
POST,/,67,0,610,1107.8358208955224,189,8800,9720.298507462687,0.057049555008156214,0.0,610,800,1000,1100,3300,4300,7400,8800,8800,8800,8800
GET,/auth/find-friends/,678,0,240,525.7581120943953,26,22199,1974.0,0.5773074372467151,0.0,240,310,370,420,630,920,5400,8700,22000,22000,22000
GET,/auth/login/,1,0,60,60.0,60,60,2961.0,0.0008514858956441226,0.0,60,60,60,60,60,60,60,60,60,60,60
POST,/auth/login/,57,0,730,1562.438596491228,95,20658,10329.82456140351,0.04853469605171499,0.0,730,910,1100,1200,2000,5900,13000,21000,21000,21000,21000
GET,/auth/logout/,57,0,210,409.2105263157895,60,7694,1712.0,0.04853469605171499,0.0,210,240,290,320,560,670,3000,7700,7700,7700,7700
POST,/auth/modify-friend/,339,0,230,387.51032448377583,32,11493,1713.0,0.28865371862335754,0.0,230,290,340,380,540,810,2500,3300,11000,11000,11000
GET,/public/,339,0,290,637.5103244837758,72,20238,10203.743362831858,0.28865371862335754,0.0,290,360,440,500,710,970,3500,13000,20000,20000,20000
,Aggregated,1959,0,260,567.5461970393058,26,22199,5544.719754977029,1.6680608695668362,0.0,260,350,420,490,730,1100,5100,8800,21000,22000,22000
