Type,Name,Request Count,Failure Count,Median Response Time,Average Response Time,Min Response Time,Max Response Time,Average Content Size,Requests/s,Failures/s,50%,66%,75%,80%,90%,95%,98%,99%,99.9%,99.99%,100%
GET,/,355,0,390,549.2732394366197,62,15143,10140.129577464788,0.3045497247393466,0.0,390,480,550,640,920,1100,1700,3600,15000,15000,15000
POST,/,57,0,880,2036.140350877193,177,23783,9881.684210526315,0.048899533268007764,0.0,880,1000,1300,1600,5500,11000,17000,24000,24000,24000,24000
GET,/auth/find-friends/,508,0,340,574.5374015748032,37,12196,1974.0,0.4358063666692622,0.0,340,440,510,570,840,1200,4300,7200,12000,12000,12000
GET,/auth/login/,1,0,170,170.0,170,170,2961.0,0.0008578865485615397,0.0,170,170,170,170,170,170,170,170,170,170,170
POST,/auth/login/,49,0,790,1511.1836734693877,214,10918,10197.959183673469,0.04203644087951545,0.0,790,1100,1300,1600,3000,7100,11000,11000,11000,11000,11000
GET,/auth/logout/,49,0,260,779.5510204081633,65,9439,1712.0,0.04203644087951545,0.0,260,480,580,620,1700,3800,9400,9400,9400,9400,9400
POST,/auth/modify-friend/,254,0,320,787.7165354330708,57,24097,1713.0,0.2179031833346311,0.0,320,420,480,560,780,1400,9100,14000,24000,24000,24000
GET,/public/,254,0,400,776.3661417322835,95,14316,10200.106299212599,0.2179031833346311,0.0,400,500,630,700,1100,2900,5200,9900,14000,14000,14000
,Aggregated,1527,0,370,728.6247544204322,37,24097,5748.704649639817,1.309992759653471,0.0,370,480,590,680,1000,1700,5500,9900,24000,24000,24000
