Type,Name,Request Count,Failure Count,Median Response Time,Average Response Time,Min Response Time,Max Response Time,Average Content Size,Requests/s,Failures/s,50%,66%,75%,80%,90%,95%,98%,99%,99.9%,99.99%,100%
GET,/,488,0,280,549.0245901639345,51,22677,10182.475409836066,0.41566564496012387,0.0,280,350,390,440,690,1300,5100,7600,23000,23000,23000
POST,/,70,0,540,757.6714285714286,146,6711,9930.271428571428,0.059624170383624324,0.0,550,710,880,990,1400,1700,1800,6700,6700,6700,6700
GET,/auth/find-friends/,686,0,220,512.2857142857143,19,20096,1974.0,0.5843168697595184,0.0,220,300,350,400,570,810,5000,10000,20000,20000,20000
GET,/auth/login/,1,0,190,190.0,190,190,2961.0,0.0008517738626232046,0.0,190,190,190,190,190,190,190,190,190,190,190
POST,/auth/login/,53,0,1100,2165.1132075471696,51,17233,10128.283018867925,0.045144014719029846,0.0,1100,1400,2300,3400,4800,7100,11000,17000,17000,17000,17000
GET,/auth/logout/,52,0,280,529.3653846153846,27,10374,1712.0,0.044292240856406644,0.0,280,360,420,430,690,1000,2400,10000,10000,10000,10000
POST,/auth/modify-friend/,343,0,220,321.5276967930029,26,4744,1713.0,0.2921584348797592,0.0,220,300,360,390,530,730,1500,2500,4700,4700,4700
GET,/public/,343,0,280,536.8338192419825,41,22407,10206.067055393585,0.2921584348797592,0.0,280,370,450,490,650,820,2300,11000,22000,22000,22000
,Aggregated,2036,0,260,544.8305500982318,19,22677,5763.926817288801,1.7342115843008445,0.0,260,340,420,480,720,1200,4600,7700,20000,23000,23000
