Type,Name,Request Count,Failure Count,Median Response Time,Average Response Time,Min Response Time,Max Response Time,Average Content Size,Requests/s,Failures/s,50%,66%,75%,80%,90%,95%,98%,99%,99.9%,99.99%,100%
GET,/,427,0,320,708.4871194379391,56,17177,10155.217798594847,0.3621486740400133,0.0,320,410,500,580,870,1700,6000,12000,17000,17000,17000
POST,/,71,0,610,1303.7887323943662,183,23143,10315.802816901409,0.06021675844693429,0.0,610,880,1000,1100,1900,4000,10000,23000,23000,23000,23000
GET,/auth/find-friends/,562,0,270,485.19572953736656,44,17877,1974.0,0.4766453274250292,0.0,270,350,420,460,680,930,2500,6900,18000,18000,18000
GET,/auth/login/,1,0,78,78.0,78,78,2961.0,0.0008481233584075252,0.0,78,78,78,78,78,78,78,78,78,78,78
POST,/auth/login/,60,0,840,1372.25,137,13328,9885.566666666668,0.050887401504451514,0.0,850,920,1200,1400,2200,4000,11000,13000,13000,13000,13000
GET,/auth/logout/,60,0,240,648.25,41,8707,1712.0,0.050887401504451514,0.0,250,370,400,510,970,4000,7300,8700,8700,8700,8700
POST,/auth/modify-friend/,281,0,260,589.2313167259787,33,21588,1713.0,0.2383226637125146,0.0,260,330,380,480,680,940,4600,8200,22000,22000,22000
GET,/public/,281,0,320,567.6761565836299,69,12941,10186.049822064057,0.2383226637125146,0.0,320,400,460,500,720,940,4200,9300,13000,13000,13000
,Aggregated,1743,0,310,639.2266207687894,33,23143,5863.7613310384395,1.4782790137043165,0.0,310,400,490,560,860,1400,4800,9800,22000,23000,23000
