Type,Name,Request Count,Failure Count,Median Response Time,Average Response Time,Min Response Time,Max Response Time,Average Content Size,Requests/s,Failures/s,50%,66%,75%,80%,90%,95%,98%,99%,99.9%,99.99%,100%
GET,/,291,0,380,881.1202749140894,59,17568,10099.08591065292,0.24858213975868237,0.0,380,510,630,720,1200,3700,8900,14000,18000,18000,18000
POST,/,45,0,890,1379.4,386,7639,10276.377777777778,0.0384405370760849,0.0,890,1200,1500,2000,2500,4200,7600,7600,7600,7600,7600
GET,/auth/find-friends/,508,0,340,648.246062992126,40,17379,1974.0,0.4339509518811362,0.0,340,430,540,590,820,1400,5500,9100,17000,17000,17000
GET,/auth/login/,1,0,240,240.0,240,240,2961.0,0.0008542341572463311,0.0,240,240,240,240,240,240,240,240,240,240,240
POST,/auth/login/,51,0,1200,1999.3725490196077,196,20130,9689.666666666666,0.04356594201956289,0.0,1200,1700,1900,2200,3700,4100,6300,20000,20000,20000,20000
GET,/auth/logout/,50,0,250,498.78,84,8852,1712.0,0.04271170786231656,0.0,280,350,400,460,690,810,8900,8900,8900,8900,8900
POST,/auth/modify-friend/,254,0,310,606.0984251968504,35,18578,1713.0,0.2169754759405681,0.0,320,400,510,550,780,1400,4700,7300,19000,19000,19000
GET,/public/,254,0,380,735.7204724409448,95,12286,10196.905511811023,0.2169754759405681,0.0,380,500,590,700,1100,2100,5200,9500,12000,12000,12000
,Aggregated,1454,0,360,767.3707015130674,35,20130,5510.256533700138,1.2420564646361654,0.0,360,500,610,720,1100,2400,5600,9500,19000,20000,20000
