Type,Name,Request Count,Failure Count,Median Response Time,Average Response Time,Min Response Time,Max Response Time,Average Content Size,Requests/s,Failures/s,50%,66%,75%,80%,90%,95%,98%,99%,99.9%,99.99%,100%
GET,/,278,0,380,713.7553956834532,79,13029,10150.223021582733,0.23877305569370336,0.0,380,500,560,630,920,2000,7000,9200,13000,13000,13000
POST,/,37,0,700,1687.7297297297298,232,14815,10179.81081081081,0.031779147700241095,0.0,700,930,1000,1300,3100,14000,15000,15000,15000,15000,15000
GET,/auth/find-friends/,483,0,330,724.7991718426501,43,19049,1974.0,0.4148467118707148,0.0,330,460,550,620,910,1900,5800,11000,19000,19000,19000
GET,/auth/login/,1,0,3759,3759.0,3759,3759,2961.0,0.0008588958837902998,0.0,3800,3800,3800,3800,3800,3800,3800,3800,3800,3800,3800
POST,/auth/login/,55,0,1200,2320.9454545454546,271,19346,9814.436363636363,0.04723927360846649,0.0,1200,1500,1800,2200,3800,13000,16000,19000,19000,19000,19000
GET,/auth/logout/,54,0,270,920.6296296296297,85,23240,1712.0,0.04638037772467619,0.0,270,350,420,530,880,3200,5000,23000,23000,23000,23000
POST,/auth/modify-friend/,241,0,330,534.701244813278,49,10624,1713.0,0.20699390799346226,0.0,330,410,490,540,740,1400,4000,5100,11000,11000,11000
GET,/public/,242,0,380,740.4669421487604,95,22225,10205.173553719009,0.20785280387725255,0.0,390,520,610,680,920,1700,5700,6500,22000,22000,22000
,Aggregated,1391,0,370,790.8907260963335,43,23240,5513.691588785046,1.194724174352307,0.0,370,500,590,680,1100,2400,6000,11000,22000,23000,23000
